POTA,KFF
AQ-0001,KFF-0073
AQ-0002,KFF-0074
AQ-0003,KFF-0075
AQ-0004,KFF-0076
AQ-0005,KFF-0077
AQ-0006,KFF-0078
AQ-0007,KFF-0079
AQ-0008,KFF-0080
AQ-0009,KFF-0081
AQ-0010,KFF-0082
AQ-0011,KFF-0083
AQ-0012,KFF-0084
AQ-0013,KFF-0085
AQ-0014,KFF-0086
AQ-0015,KFF-0087
AQ-0016,KFF-0088
AQ-0017,KFF-0089
AQ-0018,KFF-0090
AQ-0019,KFF-0091
AQ-0020,KFF-0092
AQ-0021,KFF-0093
AQ-0022,KFF-0094
AQ-0023,KFF-0095
AQ-0024,KFF-0096
AQ-0025,KFF-0097
AQ-0026,KFF-0098
AQ-0027,KFF-0099
AQ-0028,KFF-0100
AQ-0029,KFF-0101
AQ-0030,KFF-0102
PR-0001,KFF-0103
PR-0002,KFF-0104
PR-0003,KFF-0106
PR-0004,KFF-0108
PR-0005,UM-0009
PR-0006,KFF-0134
PR-0007,KFF-0135
PR-0090,KFF-0133
US-0001,KFF-0001
US-0002,KFF-0002
US-0003,KFF-0003
US-0004,KFF-0004
US-0005,KFF-0005
US-0006,KFF-0006
US-0007,KFF-0007
US-0008,KFF-0008
US-0009,KFF-0009
US-0010,KFF-0010
US-0011,KFF-0011
US-0012,KFF-0012
US-0013,KFF-0013
US-0014,KFF-0014
US-0015,KFF-0015 (MD); KFF-4599 (DC)
US-0016,KFF-0016
US-0017,KFF-0017
US-0018,KFF-0018
US-0019,KFF-0019 (KY); KFF-4586 (TN); KFF-4587 (VA)
US-0020,KFF-0020
US-0021,KFF-0021 (CA); KFF-4602 (NV)
US-0022,KFF-0022
US-0023,KFF-0023
US-0024,KFF-0024
US-0026,KFF-0026
US-0027,KFF-0027
US-0028,KFF-0028
US-0029,KFF-0029
US-0030,KFF-0030
US-0031,KFF-0031
US-0032,KFF-0032
US-0033,KFF-0033
US-0034,KFF-0034 (TN); KFF-4709 (NC)
US-0035,KFF-0035
US-0036,KFF-0036
US-0037,KFF-0037
US-0038,KFF-0038
US-0039,KFF-0039
US-0040,KFF-0040
US-0041,KFF-0041
US-0043,KFF-0043
US-0044,KFF-0044
US-0045,KFF-0045
US-0046,KFF-0046
US-0047,KFF-0047
US-0048,KFF-0048
US-0049,KFF-0049
US-0050,KFF-0050
US-0051,KFF-0051
US-0052,KFF-0052
US-0053,KFF-0053
US-0054,KFF-0054
US-0055,KFF-0055
US-0056,KFF-0056
US-0057,KFF-0057
US-0058,KFF-0058
US-0059,KFF-0059
US-0060,KFF-0060
US-0061,KFF-0061
US-0062,KFF-0062
US-0063,KFF-0063
US-0064,KFF-0064
US-0065,KFF-0065
US-0066,KFF-0066
US-0067,KFF-0067
US-0068,KFF-0068
US-0069,KFF-0069
US-0070,KFF-0070 (WY); KFF-4710 (MT); KFF-4711 (ID)
US-0071,KFF-0071
US-0072,KFF-0072
US-0110,KFF-0110
US-0111,UM-0001
US-0112,UM-0002
US-0113,UM-0003
US-0114,UM-0004
US-0115,UM-0005
US-0116,UM-0006
US-0117,KFF-0117
US-0118,KFF-0118
US-0119,KFF-0119
US-0120,KFF-6097
US-0121,KFF-0121
US-0122,UM-0007
US-0123,KFF-0123
US-0124,KFF-0124
US-0125,KFF-0125
US-0126,KFF-0126
US-0127,KFF-0127
US-0128,KFF-0128
US-0129,KFF-0129
US-0130,KFF-0130
US-0131,UM-0008
US-0136,KFF-0136
US-0137,KFF-0137
US-0138,KFF-0138
US-0139,KFF-0139
US-0140,KFF-0140
US-0141,KFF-0141
US-0142,KFF-0142
US-0143,KFF-0143
US-0144,KFF-0144
US-0145,KFF-0145
US-0146,KFF-0146
US-0147,KFF-0147
US-0148,KFF-0148
US-0149,KFF-0149
US-0150,KFF-0150
US-0151,KFF-0151
US-0152,KFF-0152
US-0153,KFF-0153
US-0154,KFF-0154
US-0155,KFF-0155
US-0156,KFF-0156
US-0157,KFF-0157
US-0158,KFF-0158
US-0159,KFF-0159
US-0160,KFF-0160
US-0161,KFF-0161
US-0162,KFF-0162
US-0163,KFF-0163
US-0164,KFF-0164
US-0165,KFF-0165
US-0166,KFF-0166
US-0167,KFF-0167
US-0168,KFF-0168
US-0169,KFF-0169
US-0170,KFF-0170
US-0171,KFF-0171
US-0172,KFF-0172
US-0173,KFF-0173
US-0174,KFF-0174
US-0175,KFF-0175
US-0176,KFF-0176
US-0177,KFF-0177
US-0178,KFF-0178
US-0179,KFF-0179
US-0180,KFF-0180
US-0181,KFF-0181
US-0182,KFF-0182
US-0186,KFF-0186
US-0187,KFF-0187
US-0188,KFF-0188
US-0189,KFF-0189
US-0190,KFF-0190
US-0192,KFF-0192
US-0193,KFF-0193
US-0194,KFF-0194
US-0195,KFF-0195
US-0196,KFF-0196
US-0197,KFF-0197
US-0198,KFF-0198
US-0199,KFF-0199 (CA); KFF-6747 (OR)
US-0200,KFF-0200
US-0201,KFF-0201
US-0202,KFF-0202
US-0203,KFF-0203
US-0204,KFF-0204
US-0205,KFF-0205
US-0206,KFF-0206
US-0207,KFF-0207
US-0208,KFF-0208
US-0209,KFF-0209
US-0210,KFF-0210
US-0211,KFF-0211
US-0212,KFF-0212
US-0213,KFF-0213
US-0214,KFF-0214
US-0215,KFF-0215
US-0216,KFF-0216
US-0217,KFF-0217
US-0218,KFF-0218
US-0219,KFF-0219
US-0220,KFF-0220
US-0221,KFF-0221
US-0222,KFF-0222
US-0223,KFF-0223
US-0224,KFF-0224
US-0225,KFF-0225
US-0226,KFF-0226
US-0227,KFF-0227
US-0228,KFF-0228
US-0229,KFF-0229
US-0230,KFF-0230
US-0231,KFF-0231
US-0232,KFF-0232
US-0233,KFF-0233
US-0234,KFF-0234
US-0235,KFF-0235
US-0236,KFF-0236
US-0237,KFF-0237
US-0238,KFF-0238
US-0239,KFF-0239
US-0240,KFF-0240
US-0241,KFF-0241
US-0243,KFF-0243
US-0244,KFF-0244
US-0245,KFF-0245
US-0246,KFF-0246
US-0247,KFF-0247
US-0248,KFF-0248
US-0249,KFF-0249
US-0250,KFF-0250
US-0252,KFF-0252
US-0255,KFF-0255
US-0256,KFF-0256
US-0257,KFF-0257
US-0258,KFF-0258
US-0259,KFF-0259
US-0260,KFF-0260
US-0261,KFF-0261
US-0262,KFF-0262
US-0263,KFF-0263
US-0264,KFF-0264
US-0265,KFF-0265
US-0266,KFF-0266
US-0267,KFF-0267
US-0268,KFF-0268 (IA); KFF-3487 (NE)
US-0269,KFF-0269
US-0270,KFF-0270
US-0271,KFF-0271
US-0272,KFF-0272 (IL); KFF-4622 (IA)
US-0273,KFF-0273
US-0274,KFF-0274
US-0275,KFF-0275
US-0276,KFF-0276
US-0277,KFF-0277
US-0278,KFF-0278
US-0279,KFF-0279
US-0280,KFF-0280
US-0281,KFF-0281
US-0282,KFF-0282
US-0283,KFF-0283
US-0284,KFF-0284
US-0285,KFF-0285
US-0286,KFF-0286
US-0287,KFF-0287 (IL); KFF-4623 (MO)
US-0288,KFF-0288
US-0289,KFF-0289
US-0290,KFF-0290
US-0291,KFF-0291
US-0292,KFF-0292
US-0293,KFF-0293
US-0294,KFF-0294
US-0295,KFF-0295
US-0296,KFF-0296
US-0297,KFF-0297
US-0298,KFF-0298
US-0299,KFF-0299
US-0300,KFF-0300
US-0301,KFF-0301
US-0302,KFF-0302 (LA); KFF-4624 (MS)
US-0303,KFF-0303
US-0304,KFF-0304
US-0305,KFF-0305
US-0306,KFF-0306
US-0307,KFF-0307
US-0308,KFF-0308
US-0309,KFF-0309
US-0310,KFF-0310
US-0311,KFF-0311
US-0312,KFF-0312
US-0313,KFF-0313
US-0314,KFF-0314
US-0315,KFF-0315
US-0316,KFF-0316
US-0317,KFF-0317
US-0318,KFF-0318
US-0319,KFF-0319
US-0320,KFF-0320
US-0321,KFF-0321
US-0322,KFF-0322
US-0323,KFF-0323
US-0324,KFF-0324
US-0325,KFF-0325
US-0327,KFF-0327
US-0328,KFF-0328
US-0329,KFF-0329 (VT); KFF-4615 (CT); KFF-4616 (MA); KFF-4617 (NH)
US-0330,KFF-0330
US-0331,KFF-0331
US-0332,KFF-0332
US-0333,KFF-0333
US-0334,KFF-0334
US-0335,KFF-0335
US-0336,KFF-0336
US-0337,KFF-0337
US-0338,KFF-0338
US-0339,KFF-0339
US-0340,KFF-6855
US-0341,KFF-0341
US-0342,KFF-0342
US-0343,KFF-0343
US-0344,KFF-0344
US-0345,KFF-0345
US-0346,KFF-0346
US-0347,KFF-0347
US-0348,KFF-0348
US-0349,KFF-0349
US-0350,KFF-0350
US-0351,KFF-0351
US-0352,KFF-0352
US-0353,KFF-0353
US-0354,KFF-0354
US-0355,KFF-0355
US-0356,KFF-0356
US-0357,KFF-0357
US-0358,KFF-0358
US-0359,KFF-0359
US-0360,KFF-0360
US-0361,KFF-0361
US-0362,KFF-0362
US-0363,KFF-0363
US-0364,KFF-0364
US-0365,KFF-0365
US-0366,KFF-0366
US-0367,KFF-0367
US-0368,KFF-0368
US-0369,KFF-0369
US-0370,KFF-0370
US-0371,KFF-0371
US-0372,KFF-0372 (MN); KFF-4090 (IL); KFF-4236 (WI); KFF-4626 (IA)
US-0373,KFF-0373
US-0374,KFF-0374
US-0375,KFF-0375
US-0376,KFF-0376
US-0377,KFF-0377
US-0378,KFF-6853
US-0380,KFF-0380
US-0381,KFF-0381
US-0382,KFF-0382
US-0383,KFF-0383
US-0384,KFF-0384
US-0385,KFF-0385
US-0386,KFF-0386
US-0387,KFF-0387
US-0388,KFF-0388
US-0389,KFF-0389
US-0390,KFF-0390
US-0391,KFF-0391
US-0392,KFF-0392
US-0393,KFF-0393
US-0394,UM-0009
US-0395,KFF-0395
US-0396,KFF-0396
US-0397,KFF-0397
US-0398,KFF-0398
US-0399,KFF-0399
US-0400,KFF-0400
US-0401,KFF-0401
US-0402,KFF-0402
US-0403,KFF-0403
US-0404,KFF-0404
US-0405,KFF-0405
US-0406,KFF-0406
US-0407,KFF-0407
US-0408,KFF-0408
US-0409,KFF-0409
US-0410,KFF-0410
US-0411,KFF-0411
US-0412,KFF-0412
US-0413,KFF-0413
US-0414,KFF-0414
US-0415,KFF-0415
US-0416,KFF-0416
US-0417,KFF-0417
US-0418,KFF-0418
US-0419,KFF-0419
US-0420,KFF-0420
US-0421,KFF-0421
US-0422,KFF-0422
US-0423,KFF-0423
US-0424,KFF-0424
US-0425,KFF-0425
US-0426,KFF-0426
US-0427,KFF-0427
US-0428,KFF-0428
US-0429,KFF-0429
US-0430,KFF-0430
US-0431,KFF-0431
US-0432,KFF-0432
US-0433,KFF-0433
US-0434,KFF-0434
US-0435,KFF-0435
US-0436,KFF-0436
US-0437,KFF-0437
US-0438,KFF-0438
US-0439,KFF-0439
US-0440,KFF-0440
US-0441,KFF-0441
US-0442,KFF-0442
US-0443,KFF-0443
US-0445,KFF-0445
US-0446,KFF-0446
US-0447,KFF-0447
US-0448,KFF-0448
US-0449,KFF-0449
US-0450,KFF-0450
US-0451,KFF-0451
US-0452,KFF-0452
US-0453,KFF-0453
US-0454,KFF-0454
US-0455,KFF-0455
US-0456,KFF-0456
US-0457,KFF-0457
US-0458,KFF-0458
US-0459,KFF-0459
US-0460,KFF-0460
US-0461,KFF-0461
US-0462,KFF-0462
US-0463,KFF-0463
US-0464,KFF-0464
US-0465,KFF-0465
US-0466,KFF-0466
US-0467,KFF-0467
US-0468,KFF-0468
US-0469,KFF-0469
US-0470,KFF-0470
US-0471,KFF-0471
US-0472,KFF-0472
US-0473,KFF-0473
US-0474,KFF-0474
US-0475,KFF-0475
US-0476,KFF-0476
US-0477,KFF-0477
US-0478,KFF-0478
US-0479,KFF-0479
US-0480,KFF-0480
US-0481,KFF-0481
US-0482,KFF-0482
US-0483,KFF-0483
US-0484,KFF-0484
US-0485,KFF-0485
US-0486,KFF-0486
US-0487,KFF-0487
US-0488,KFF-0488
US-0489,KFF-0489
US-0490,KFF-0490
US-0491,KFF-0491
US-0492,KFF-0492
US-0493,KFF-0493
US-0494,KFF-0494
US-0495,KFF-0495
US-0496,KFF-0496
US-0497,KFF-0497
US-0498,KFF-0498
US-0499,KFF-0499
US-0500,KFF-0500
US-0501,KFF-0501
US-0502,KFF-0502
US-0503,KFF-0503
US-0504,KFF-0504
US-0505,KFF-0505
US-0506,KFF-0506
US-0507,KFF-0507
US-0508,KFF-0508
US-0509,KFF-0509
US-0510,KFF-0510
US-0511,KFF-0511
US-0512,KFF-0512
US-0513,KFF-0513
US-0514,KFF-0514
US-0515,KFF-0515
US-0516,KFF-0516
US-0517,KFF-0517
US-0518,KFF-0518
US-0519,KFF-0519
US-0520,KFF-0520
US-0521,KFF-0521
US-0522,KFF-0522 (GA); KFF-4712 (SC)
US-0524,KFF-0524
US-0525,KFF-0525
US-0527,KFF-0527
US-0528,KFF-0528
US-0529,KFF-0529
US-0530,KFF-0530
US-0531,KFF-0531
US-0532,KFF-0532
US-0533,KFF-0533
US-0534,KFF-0534
US-0535,KFF-0535
US-0536,KFF-0536
US-0537,KFF-0537
US-0538,KFF-0538
US-0539,KFF-0539
US-0540,KFF-0540
US-0541,KFF-0541
US-0542,KFF-0542
US-0543,KFF-0543
US-0544,KFF-0544
US-0545,KFF-0545
US-0546,KFF-0546
US-0547,KFF-0547
US-0548,KFF-0548
US-0549,KFF-0549
US-0550,KFF-0550
US-0551,KFF-0551
US-0552,KFF-0552
US-0553,KFF-0553
US-0554,KFF-0554
US-0555,KFF-0555
US-0556,KFF-0556
US-0557,KFF-0557
US-0558,KFF-0558
US-0559,KFF-0559
US-0560,KFF-0560
US-0561,KFF-0561
US-0562,KFF-0562
US-0563,KFF-0563
US-0564,KFF-0564
US-0565,KFF-0565
US-0566,KFF-0566
US-0567,KFF-0567
US-0568,KFF-0568
US-0569,KFF-0569
US-0572,KFF-0572
US-0573,KFF-0573
US-0574,KFF-0574
US-0575,KFF-0575
US-0576,KFF-0576
US-0577,KFF-0577
US-0578,KFF-0578
US-0579,KFF-0579
US-0580,KFF-0580
US-0581,KFF-0581
US-0582,KFF-0582
US-0583,KFF-0583
US-0584,KFF-0584
US-0585,KFF-0585
US-0586,KFF-0586
US-0587,KFF-0587
US-0588,KFF-0588
US-0589,KFF-0589
US-0590,KFF-0590
US-0591,KFF-0591
US-0592,KFF-0592
US-0593,KFF-0593
US-0594,KFF-0594
US-0595,KFF-0595
US-0596,KFF-0596 (WA); KFF-4598 (OR)
US-0597,KFF-0597
US-0598,KFF-0598
US-0599,KFF-0599
US-0600,KFF-0600 (WI); KFF-4625 (MI)
US-0601,KFF-0601
US-0602,KFF-0602
US-0603,KFF-0603
US-0604,KFF-0604
US-0605,KFF-0605
US-0606,KFF-0606
US-0607,KFF-0607
US-0608,KFF-0608
US-0609,KFF-0609
US-0610,KFF-0610
US-0611,KFF-0611
US-0612,KFF-0612
US-0613,KFF-0613
US-0614,KFF-0614
US-0615,KFF-0615
US-0616,KFF-0616
US-0617,KFF-0617
US-0618,KFF-0618
US-0619,KFF-0619
US-0620,KFF-0620
US-0621,KFF-0621
US-0622,KFF-0622
US-0623,KFF-0623
US-0624,KFF-0624
US-0625,KFF-0625
US-0626,KFF-0626
US-0627,KFF-0627
US-0628,KFF-0628
US-0629,KFF-0629
US-0630,KFF-0630
US-0631,KFF-0631
US-0632,KFF-0632
US-0633,KFF-0633
US-0634,KFF-0634
US-0635,KFF-0635
US-0636,KFF-0636
US-0637,KFF-0637
US-0638,KFF-0638
US-0639,KFF-0639
US-0640,KFF-0640
US-0641,KFF-0641
US-0642,KFF-0642 (MS); KFF-5629 (AL); KFF-5630 (TN)
US-0643,KFF-0643
US-0644,KFF-0644
US-0645,KFF-0645 (UT); KFF-4618 (AZ)
US-0646,KFF-0646
US-0647,KFF-0647
US-0648,KFF-0648
US-0649,KFF-0649
US-0650,KFF-0650
US-0651,KFF-0651
US-0652,KFF-0652
US-0653,KFF-0653
US-0654,KFF-0654
US-0655,KFF-0655
US-0656,KFF-0656
US-0657,KFF-0657
US-0658,KFF-0658
US-0659,KFF-0659
US-0660,KFF-0660
US-0661,KFF-0661 (FL); KFF-4621 (MS)
US-0662,KFF-0662
US-0663,KFF-0663
US-0664,KFF-0664
US-0665,KFF-0665
US-0666,KFF-0666
US-0667,KFF-0667
US-0668,KFF-0668
US-0669,KFF-0669
US-0670,KFF-0670 (VA); KFF-4585 (DC)
US-0671,KFF-0671 (MD); KFF-4591 (VA)
US-0672,KFF-0672
US-0673,KFF-0673
US-0674,KFF-0674
US-0675,KFF-0675
US-0676,KFF-0676
US-0677,KFF-0677
US-0678,KFF-0678
US-0679,KFF-0679
US-0680,KFF-0680 (NY); KFF-4594 (NJ)
US-0681,KFF-0681 (PA); KFF-4596 (NY)
US-0682,KFF-0682
US-0683,KFF-0683
US-0684,KFF-0684 (NJ); KFF-4593 (PA)
US-0685,KFF-0685
US-0686,KFF-0686
US-0687,KFF-0687
US-0688,KFF-0688
US-0689,KFF-0689
US-0690,KFF-0690
US-0691,KFF-0691
US-0692,KFF-0692
US-0693,KFF-0693
US-0694,KFF-0694
US-0695,KFF-0695
US-0696,KFF-0696
US-0697,KFF-0697
US-0698,KFF-0698
US-0699,KFF-0699
US-0700,KFF-0700
US-0701,KFF-0701
US-0702,KFF-0702
US-0703,KFF-0703
US-0704,KFF-0704
US-0705,KFF-0705
US-0706,KFF-0706
US-0707,KFF-0707
US-0708,KFF-0708
US-0709,KFF-0709
US-0710,KFF-0710
US-0711,KFF-0711
US-0712,KFF-0712
US-0713,KFF-0713
US-0714,KFF-0714
US-0715,KFF-0715
US-0716,KFF-0716
US-0717,KFF-0717
US-0718,KFF-0718
US-0719,KFF-0719
US-0720,KFF-0720
US-0721,KFF-0721
US-0722,KFF-0722
US-0723,KFF-0723
US-0724,KFF-0724
US-0726,KFF-0726
US-0727,KFF-6098
US-0728,KFF-0728
US-0729,KFF-0729
US-0730,KFF-0730
US-0732,KFF-0732
US-0733,KFF-0733
US-0734,KFF-0734
US-0735,KFF-0735 (WV); KFF-4588 (MD); KFF-4589 (VA)
US-0736,KFF-0736
US-0737,KFF-0737
US-0738,KFF-0738
US-0739,KFF-0739
US-0740,KFF-0740
US-0742,KFF-0742
US-0743,KFF-0743
US-0744,KFF-0744
US-0745,KFF-0745
US-0746,KFF-0746
US-0747,KFF-0747
US-0748,KFF-0748
US-0749,KFF-0749
US-0750,KFF-0750
US-0751,KFF-0751
US-0752,KFF-0752
US-0753,KFF-0753
US-0754,KFF-0754
US-0755,KFF-0755
US-0756,KFF-0756
US-0757,KFF-0757
US-0758,KFF-0758
US-0759,KFF-0759
US-0760,KFF-0760
US-0761,KFF-0761
US-0763,KFF-0763
US-0764,KFF-0764
US-0765,KFF-0765
US-0766,KFF-0766
US-0767,KFF-0767
US-0768,KFF-0768
US-0769,KFF-0769
US-0770,KFF-0770
US-0771,KFF-0771
US-0772,KFF-0772
US-0773,KFF-0773
US-0774,KFF-0774
US-0775,KFF-0775
US-0776,KFF-0776
US-0777,KFF-0777
US-0778,KFF-0778
US-0779,KFF-0779
US-0780,KFF-0780
US-0781,KFF-0781
US-0782,KFF-0782
US-0783,KFF-0783
US-0784,KFF-0784
US-0785,KFF-0785
US-0786,KFF-0786
US-0787,KFF-0787
US-0788,KFF-0788
US-0789,KFF-0789
US-0790,KFF-0790
US-0791,KFF-0791
US-0792,KFF-0792
US-0793,KFF-0793
US-0794,KFF-0794
US-0795,KFF-0795
US-0796,KFF-0796
US-0797,KFF-0797
US-0798,KFF-0798
US-0799,KFF-0799
US-0800,KFF-0800
US-0801,KFF-0801
US-0802,KFF-0802
US-0803,KFF-0803
US-0804,KFF-0804
US-0805,KFF-0805
US-0806,KFF-0806
US-0808,KFF-0808
US-0809,KFF-0809
US-0810,KFF-0810
US-0811,KFF-0811
US-0812,KFF-0812
US-0813,KFF-0813
US-0814,KFF-0814
US-0815,KFF-0815
US-0816,KFF-0816
US-0817,KFF-0817
US-0818,KFF-0818
US-0819,KFF-0819
US-0820,KFF-0820
US-0821,KFF-0821
US-0822,KFF-0822
US-0823,KFF-0823
US-0824,KFF-0824
US-0825,KFF-0825
US-0826,KFF-0826
US-0827,KFF-0827
US-0828,KFF-0828
US-0829,KFF-0829
US-0830,KFF-0830
US-0831,KFF-0831
US-0832,KFF-0832
US-0833,KFF-0833
US-0834,KFF-0834
US-0835,KFF-0835
US-0836,KFF-0836
US-0837,KFF-0837
US-0839,KFF-0839
US-0840,KFF-0840
US-0841,KFF-0841
US-0842,KFF-0842
US-0844,KFF-0844
US-0845,KFF-0845
US-0846,KFF-0846
US-0847,KFF-0847
US-0848,KFF-0848
US-0849,KFF-0849
US-0850,KFF-0850
US-0851,KFF-0851
US-0852,KFF-0852
US-0853,KFF-0853
US-0854,KFF-0854
US-0856,KFF-0856
US-0857,KFF-0857
US-0858,KFF-0858
US-0859,KFF-0859
US-0861,KFF-0861
US-0862,KFF-0862
US-0863,KFF-0863
US-0864,KFF-0864
US-0865,KFF-0865
US-0866,KFF-0866
US-0867,KFF-0867
US-0868,KFF-0868
US-0869,KFF-0869
US-0870,KFF-0870
US-0871,KFF-0871
US-0872,KFF-0872
US-0873,KFF-0873
US-0874,KFF-0874
US-0875,KFF-0875
US-0876,KFF-0876
US-0877,KFF-0877
US-0878,KFF-0878
US-0879,KFF-0879
US-0880,KFF-0880
US-0881,KFF-0881
US-0882,KFF-0882
US-0883,KFF-0883
US-0884,KFF-0884
US-0885,KFF-0885
US-0886,KFF-0886
US-0887,KFF-0887
US-0888,KFF-0888
US-0889,KFF-0889
US-0890,KFF-0890
US-0891,KFF-0891
US-0892,KFF-0892
US-0893,KFF-0893
US-0894,KFF-0894
US-0895,KFF-0895
US-0896,KFF-0896
US-0897,KFF-0897
US-0898,KFF-0898 (PA); KFF-4592 (DE)
US-0899,KFF-0899
US-0900,KFF-0900
US-0901,KFF-0901
US-0902,KFF-0902
US-0903,KFF-0903
US-0904,KFF-0904
US-0905,KFF-0905
US-0906,KFF-0906
US-0907,KFF-0907
US-0908,KFF-0908
US-0909,KFF-0909
US-0910,KFF-0910
US-0911,KFF-0911
US-0912,KFF-0912
US-0913,KFF-0913
US-0914,KFF-0914
US-0915,KFF-0915
US-0916,KFF-0916
US-0917,KFF-0917
US-0918,KFF-0918
US-0919,KFF-0919
US-0920,KFF-0920
US-0921,KFF-0921 (CO); KFF-6749 (UT)
US-0922,KFF-0922
US-0923,KFF-0923
US-0924,KFF-0924
US-0925,KFF-0925
US-0926,KFF-0926
US-0927,KFF-0927
US-0928,KFF-0928
US-0929,KFF-0929
US-0930,KFF-0930
US-0931,KFF-0931
US-0932,KFF-0932
US-0933,KFF-0933
US-0934,KFF-0934
US-0935,KFF-0935
US-0936,KFF-0936
US-0937,KFF-0937
US-0938,KFF-0938
US-0939,KFF-0939
US-0940,KFF-0940
US-0941,KFF-0941
US-0942,KFF-0942
US-0943,KFF-0943
US-0944,KFF-0944
US-0945,KFF-0945
US-0946,KFF-0946
US-0947,KFF-0947
US-0948,KFF-0948
US-0949,KFF-0949
US-0950,KFF-0950
US-0951,KFF-0951
US-0952,KFF-0952
US-0953,KFF-0953
US-0954,KFF-0954
US-0955,KFF-0955
US-0956,KFF-0956
US-0957,KFF-0957
US-0958,KFF-0958
US-0959,KFF-0959
US-0960,KFF-0960
US-0961,KFF-0961
US-0962,KFF-0962
US-0963,KFF-0963
US-0964,KFF-0964
US-0965,KFF-0965
US-0966,KFF-0966
US-0967,KFF-0967
US-0968,KFF-0968
US-0969,KFF-0969
US-0970,KFF-0970
US-0971,KFF-0971
US-0972,KFF-0972
US-0973,KFF-0973
US-0974,KFF-0974
US-0975,KFF-0975
US-0976,KFF-0976
US-0977,KFF-0977
US-0978,KFF-0978
US-0979,KFF-0979
US-0980,KFF-0980
US-0981,KFF-0981
US-0982,KFF-0982
US-0983,KFF-0983
US-0984,KFF-0984
US-0985,KFF-0985
US-0986,KFF-0986
US-0987,KFF-0987
US-0988,KFF-0988
US-0989,KFF-0989
US-0990,KFF-0990
US-0991,KFF-0991
US-0992,KFF-0992
US-0993,KFF-0993
US-0994,KFF-0994
US-0995,KFF-0995
US-0996,KFF-0996
US-0997,KFF-0997
US-0998,KFF-0998
US-0999,KFF-0999
US-1000,KFF-1000
US-1001,KFF-1001
US-1002,KFF-1002
US-10020,KFF-4973
US-1003,KFF-1003
US-1004,KFF-1004
US-1005,KFF-1005
US-10057,KFF-0945
US-10058,KFF-0945
US-10059,KFF-0945
US-1006,KFF-1006
US-10060,KFF-0945
US-10063,KFF-6558
US-1007,KFF-1007
US-10070,KFF-5857
US-10075,KFF-5348
US-10078,KFF-4754
US-10079,KFF-5355
US-1008,KFF-1008
US-10080,KFF-6837
US-10086,KFF-5330
US-10089,KFF-5338
US-1009,KFF-1009
US-10090,KFF-6755
US-10091,KFF-6756
US-10092,KFF-6823
US-10093,KFF-6757
US-10094,KFF-6759
US-10095,KFF-5650
US-10098,KFF-6607
US-1010,KFF-1010
US-10100,KFF-6576
US-1011,KFF-1011
US-10110,KFF-6695
US-10116,KFF-6660
US-1012,KFF-1012
US-1013,KFF-1013
US-10136,KFF-5864
US-1014,KFF-1014
US-1015,KFF-1015
US-10150,KFF-6608 (KY); KFF-6609 (PA); KFF-0608 (WV)
US-10156,KFF-5887
US-1016,KFF-1016
US-10165,KFF-6655
US-1017,KFF-1017
US-10175,KFF-6832
US-10176,KFF-6831
US-1018,KFF-1018
US-1019,KFF-1019
US-1020,KFF-1020
US-10207,KFF-6683
US-10208,KFF-6657
US-10209,KFF-6652
US-1021,KFF-1021
US-10210,KFF-6654
US-10211,KFF-6686
US-10212,KFF-6666
US-10213,KFF-6641
US-10214,KFF-6669
US-10215,KFF-6642
US-10216,KFF-6676
US-10217,KFF-6632
US-10218,KFF-6687
US-1022,KFF-1022
US-1023,KFF-1023
US-10236,KFF-6815
US-1024,KFF-1024
US-10242,KFF-4972
US-1025,KFF-1025
US-10257,KFF-5121
US-1026,KFF-1026
US-10260,KFF-6612
US-10262,KFF-6617
US-10264,KFF-6678
US-10265,KFF-6690
US-10266,KFF-6689
US-10269,KFF-6696
US-1027,KFF-1027
US-10270,KFF-6668
US-1028,KFF-1028
US-1029,KFF-1029
US-10296,KFF-6616
US-1030,KFF-1030
US-10309,KFF-6672
US-1031,KFF-1031
US-10310,KFF-6677
US-10312,KFF-6651
US-1032,KFF-1032
US-1033,KFF-1033
US-1034,KFF-1034
US-10345,KFF-6625
US-1035,KFF-1035
US-1036,KFF-1036
US-1037,KFF-1037
US-1038,KFF-1038
US-1039,KFF-1039
US-10391,KFF-6754
US-10392,KFF-6637
US-10397,KFF-6621
US-1040,KFF-1040
US-10401,KFF-6605
US-10407,KFF-6852
US-1041,KFF-1041
US-10410,KFF-6854
US-10414,KFF-5612
US-1042,KFF-1042
US-1043,KFF-1043
US-1044,KFF-1044
US-1045,KFF-1045
US-10458,KFF-6680
US-1046,KFF-1046
US-10462,KFF-5231
US-10463,KFF-5693
US-10466,KFF-6624
US-10469,KFF-6626
US-1047,KFF-1047
US-1048,KFF-1048
US-1049,KFF-1049
US-1050,KFF-1050
US-10509,KFF-5640
US-1051,KFF-1051
US-10513,KFF-6816
US-10514,KFF-4955
US-10515,KFF-5634
US-1052,KFF-1052
US-10520,KFF-5041
US-10522,KFF-6611
US-1053,KFF-1053
US-10530,KFF-6826
US-1054,KFF-1054
US-1055,KFF-1055
US-10555,KFF-6671
US-10556,KFF-6664
US-10557,KFF-6646
US-1056,KFF-1056
US-10566,KFF-6733
US-1057,KFF-1057
US-10572,KFF-6629
US-10573,KFF-6645
US-10575,KFF-6692
US-10579,KFF-6650
US-1058,KFF-1058
US-10580,KFF-6691
US-10581,KFF-6662
US-10582,KFF-6659
US-10583,KFF-6640
US-10584,KFF-6653
US-10586,KFF-6697
US-10587,KFF-6635
US-1059,KFF-1059
US-10595,KFF-6661
US-10596,KFF-6684
US-1060,KFF-1060
US-10600,KFF-6667
US-10609,KFF-6839
US-1061,KFF-1061
US-1062,KFF-1062
US-1063,KFF-1063
US-1064,KFF-1064
US-1065,KFF-1065
US-1066,KFF-1066
US-10666,KFF-6752
US-1067,KFF-1067
US-1068,KFF-1068
US-1069,KFF-1069
US-1070,KFF-1070
US-10705,KFF-5771
US-1071,KFF-1071
US-1072,KFF-1072
US-1073,KFF-1073
US-1074,KFF-1074
US-1075,KFF-1075
US-1076,KFF-1076
US-1077,KFF-1077
US-10777,KFF-6753
US-1078,KFF-1078
US-10786,KFF-1023
US-10787,KFF-4106
US-1079,KFF-1079
US-1080,KFF-1080
US-1081,KFF-1081
US-1082,KFF-1082
US-1083,KFF-1083
US-1084,KFF-1084
US-1085,KFF-1085
US-10852,KFF-6758
US-1086,KFF-1086
US-1087,KFF-1087
US-1088,KFF-1088
US-1089,KFF-1089
US-1090,KFF-1090
US-1091,KFF-1091
US-1092,KFF-1092
US-1093,KFF-1093
US-1094,KFF-1094
US-1095,KFF-1095
US-10952,KFF-5353
US-1096,KFF-1096
US-10961,KFF-5339
US-1097,KFF-1097
US-1098,KFF-1098
US-1099,KFF-1099
US-1100,KFF-1100
US-1101,KFF-1101
US-1102,KFF-1102
US-1103,KFF-1103
US-1104,KFF-1104
US-1105,KFF-1105
US-11050,KFF-6834
US-1106,KFF-1106
US-11065,KFF-6760
US-1107,KFF-1107
US-1108,KFF-1108
US-1109,KFF-1109
US-1110,KFF-1110
US-1111,KFF-1111
US-1112,KFF-1112
US-11124,KFF-6817
US-1113,KFF-1113
US-1114,KFF-1114
US-11146,KFF-6833
US-1115,KFF-1115
US-1116,KFF-1116
US-1117,KFF-1117
US-1118,KFF-1118
US-1119,KFF-1119
US-1120,KFF-1120
US-1121,KFF-1121
US-1122,KFF-1122
US-11223,KFF-4539
US-1123,KFF-1123
US-11231,KFF-6827
US-1124,KFF-1124
US-11247,KFF-6248
US-1125,KFF-1125
US-1126,KFF-1126
US-11268,KFF-4570
US-1127,KFF-1127
US-1128,KFF-1128
US-1129,KFF-1129
US-1130,KFF-1130
US-1131,KFF-1131
US-1132,KFF-1132
US-1133,KFF-1133
US-11337,KFF-5887
US-11338,KFF-6764
US-1134,KFF-1134
US-11340,KFF-5888
US-1135,KFF-1135
US-11351,KFF-4106
US-1136,KFF-1136
US-11363,KFF-5780
US-1137,KFF-1137
US-1138,KFF-1138
US-1139,KFF-1139
US-1140,KFF-1140
US-11400,KFF-6900
US-1141,KFF-1141
US-1142,KFF-1142
US-1143,KFF-1143
US-1144,KFF-1144
US-1145,KFF-1145
US-1146,KFF-1146
US-1147,KFF-1147
US-1148,KFF-1148
US-1149,KFF-1149
US-1150,KFF-1150
US-1151,KFF-1151
US-1152,KFF-1152
US-1153,KFF-1153
US-1154,KFF-1154
US-1155,KFF-1155
US-1156,KFF-1156
US-1157,KFF-1157
US-1158,KFF-1158
US-1159,KFF-1159
US-1160,KFF-1160
US-1161,KFF-1161
US-1162,KFF-1162
US-11621,KFF-6901
US-11625,KFF-6902
US-1163,KFF-1163
US-11633,KFF-6903
US-1164,KFF-1164
US-1165,KFF-1165
US-1166,KFF-1166
US-1167,KFF-1167
US-11673,KFF-6896
US-11678,KFF-6904
US-1168,KFF-1168
US-1169,KFF-1169
US-11695,KFF-6905
US-11697,KFF-6906
US-1170,KFF-1170
US-1171,KFF-1171
US-11714,KFF-0488
US-1172,KFF-1172
US-1173,KFF-1173
US-1174,KFF-1174
US-1175,KFF-1175
US-1176,KFF-1176
US-1177,KFF-1177
US-1178,KFF-1178
US-1179,KFF-1179
US-1180,KFF-1180
US-1181,KFF-1181
US-1182,KFF-1182
US-1183,KFF-1183
US-1184,KFF-1184
US-11843,KFF-2772
US-1185,KFF-1185
US-1186,KFF-1186
US-1187,KFF-1187
US-11875,KFF-6895
US-11879,KFF-6898
US-1188,KFF-1188
US-1189,KFF-1189
US-1190,KFF-1190
US-1191,KFF-1191
US-1192,KFF-1192
US-1193,KFF-1193
US-1194,KFF-1194
US-11944,KFF-6894
US-1195,KFF-1195
US-1196,KFF-1196
US-11964,KFF-5894
US-11965,KFF-5883
US-1197,KFF-1197
US-1198,KFF-1198
US-11989,KFF-5884
US-1199,KFF-1199
US-11991,KFF-5898
US-1200,KFF-1200
US-1201,KFF-1201
US-1202,KFF-1202
US-1203,KFF-1203
US-12033,KFF-5661
US-1204,KFF-1204
US-1205,KFF-1205
US-1206,KFF-1206
US-1207,KFF-1207
US-1208,KFF-1208
US-1209,KFF-1209
US-1210,KFF-1210
US-1211,KFF-1211
US-1212,KFF-1212
US-1213,KFF-1213
US-1214,KFF-1214
US-1215,KFF-1215
US-1216,KFF-1216
US-1217,KFF-1217
US-1218,KFF-1218
US-1219,KFF-1219
US-1220,KFF-1220
US-1221,KFF-1221
US-1222,KFF-1222
US-1223,KFF-1223
US-1224,KFF-1224
US-1225,KFF-1225
US-1226,KFF-1226
US-1227,KFF-1227
US-1228,KFF-1228
US-1229,KFF-1229
US-1230,KFF-1230
US-1231,KFF-1231
US-1232,KFF-1232
US-1233,KFF-1233
US-1234,KFF-1234
US-1235,KFF-1235
US-1236,KFF-1236
US-1237,KFF-1237
US-1238,KFF-1238
US-1239,KFF-1239
US-1240,KFF-1240
US-1241,KFF-1241
US-1242,KFF-1242
US-1243,KFF-1243
US-1244,KFF-1244
US-1245,KFF-1245
US-1246,KFF-1246
US-1247,KFF-1247
US-1248,KFF-1248
US-1249,KFF-1249
US-1250,KFF-1250
US-1251,KFF-1251
US-1252,KFF-1252
US-1253,KFF-1253
US-1254,KFF-1254
US-1255,KFF-1255
US-1256,KFF-1256
US-1257,KFF-1257
US-1258,KFF-1258
US-1259,KFF-1259
US-1260,KFF-1260
US-1261,KFF-1261
US-1262,KFF-1262
US-1263,KFF-1263
US-1264,KFF-1264
US-1265,KFF-1265
US-1266,KFF-1266
US-1267,KFF-1267
US-1268,KFF-1268
US-1269,KFF-1269
US-1270,KFF-1270
US-1271,KFF-1271
US-1272,KFF-1272
US-1273,KFF-1273
US-1274,KFF-1274
US-1275,KFF-1275
US-1276,KFF-1276
US-1277,KFF-1277
US-1278,KFF-1278
US-1279,KFF-1279
US-1280,KFF-1280
US-1281,KFF-1281
US-1282,KFF-1282
US-1283,KFF-1283
US-1284,KFF-1284
US-1285,KFF-1285
US-1286,KFF-1286
US-1287,KFF-1287
US-1288,KFF-1288
US-1289,KFF-1289
US-1290,KFF-1290
US-1291,KFF-1291
US-1292,KFF-1292
US-1293,KFF-1293
US-1294,KFF-1294
US-1295,KFF-1295
US-1296,KFF-1296
US-1297,KFF-1297
US-1298,KFF-1298
US-1299,KFF-1299
US-1300,KFF-1300
US-1301,KFF-1301
US-1302,KFF-1302
US-1303,KFF-1303
US-1304,KFF-1304
US-1305,KFF-1305
US-1306,KFF-1306
US-1307,KFF-1307
US-1308,KFF-1308
US-1309,KFF-1309
US-1310,KFF-1310
US-1311,KFF-1311
US-1312,KFF-1312
US-1313,KFF-1313
US-1314,KFF-1314
US-1315,KFF-1315
US-1316,KFF-1316
US-1317,KFF-1317
US-1318,KFF-1318
US-1319,KFF-1319
US-1320,KFF-1320
US-1321,KFF-1321
US-1322,KFF-1322
US-1323,KFF-1323
US-1324,KFF-1324
US-1325,KFF-1325
US-1326,KFF-1326
US-1327,KFF-1327
US-1328,KFF-1328
US-1329,KFF-1329
US-1330,KFF-1330
US-1331,KFF-1331
US-1332,KFF-1332
US-1333,KFF-1333
US-1334,KFF-1334
US-1335,KFF-1335
US-1336,KFF-1336
US-1337,KFF-1337
US-1338,KFF-1338
US-1339,KFF-1339
US-1340,KFF-1340
US-1341,KFF-1341
US-1342,KFF-1342
US-1343,KFF-1343
US-1344,KFF-1344
US-1345,KFF-1345
US-1346,KFF-1346
US-1347,KFF-1347
US-1348,KFF-1348
US-1349,KFF-1349
US-1350,KFF-1350
US-1351,KFF-1351
US-1352,KFF-1352
US-1353,KFF-1353
US-1354,KFF-1354
US-1355,KFF-1355
US-1356,KFF-1356
US-1357,KFF-1357
US-1358,KFF-1358
US-1359,KFF-1359
US-1360,KFF-1360
US-1361,KFF-1361
US-1362,KFF-1362
US-1363,KFF-1363
US-1364,KFF-1364
US-1365,KFF-1365
US-1366,KFF-1366
US-1367,KFF-1367
US-1368,KFF-1368
US-1369,KFF-1369
US-1370,KFF-1370
US-1371,KFF-1371
US-1372,KFF-1372
US-1373,KFF-1373
US-1374,KFF-1374
US-1375,KFF-1375
US-1376,KFF-1376
US-1377,KFF-1377
US-1378,KFF-1378
US-1379,KFF-1379
US-1380,KFF-1380
US-1381,KFF-1381
US-1382,KFF-1382
US-1383,KFF-1383
US-1384,KFF-1384
US-1385,KFF-1385
US-1386,KFF-1386
US-1387,KFF-1387
US-1388,KFF-1388
US-1389,KFF-1389
US-1390,KFF-1390
US-1391,KFF-1391
US-1392,KFF-1392
US-1393,KFF-1393
US-1394,KFF-1394
US-1395,KFF-1395
US-1396,KFF-1396
US-1397,KFF-1397
US-1398,KFF-1398
US-1399,KFF-1399
US-1400,KFF-1400
US-1401,KFF-1401
US-1402,KFF-1402
US-1403,KFF-1403
US-1404,KFF-1404
US-1405,KFF-1405
US-1406,KFF-1406
US-1407,KFF-1407
US-1408,KFF-1408
US-1409,KFF-1409
US-1410,KFF-1410
US-1411,KFF-1411
US-1412,KFF-1412
US-1413,KFF-1413
US-1414,KFF-1414
US-1415,KFF-1415
US-1416,KFF-1416
US-1417,KFF-1417
US-1418,KFF-1418
US-1419,KFF-1419
US-1420,KFF-1420
US-1421,KFF-1421
US-1422,KFF-1422
US-1423,KFF-1423
US-1424,KFF-1424
US-1425,KFF-1425
US-1426,KFF-1426
US-1427,KFF-1427
US-1428,KFF-1428
US-1429,KFF-1429
US-1430,KFF-1430
US-1431,KFF-1431
US-1432,KFF-1432
US-1433,KFF-1433
US-1434,KFF-1434
US-1435,KFF-1435
US-1436,KFF-1436
US-1437,KFF-1437
US-1438,KFF-1438
US-1439,KFF-1439
US-1440,KFF-1440
US-1441,KFF-1441
US-1442,KFF-1442
US-1443,KFF-1443
US-1444,KFF-1444
US-1445,KFF-1445
US-1446,KFF-1446
US-1447,KFF-1447
US-1448,KFF-1448
US-1449,KFF-1449
US-1450,KFF-1450
US-1451,KFF-1451
US-1452,KFF-1452
US-1453,KFF-1453
US-1454,KFF-1454
US-1455,KFF-1455
US-1456,KFF-1456
US-1457,KFF-1457
US-1458,KFF-1458
US-1459,KFF-1459
US-1460,KFF-1460
US-1461,KFF-1461
US-1462,KFF-1462
US-1463,KFF-1463
US-1464,KFF-1464
US-1465,KFF-1465
US-1466,KFF-1466
US-1467,KFF-1467
US-1468,KFF-1468
US-1469,KFF-1469
US-1470,KFF-1470
US-1471,KFF-1471
US-1472,KFF-1472
US-1473,KFF-1473
US-1474,KFF-1474
US-1475,KFF-1475
US-1476,KFF-1476
US-1477,KFF-1477
US-1478,KFF-1478
US-1479,KFF-1479
US-1480,KFF-1480
US-1481,KFF-1481
US-1482,KFF-1482
US-1483,KFF-1483
US-1484,KFF-1484
US-1485,KFF-1485
US-1486,KFF-1486
US-1487,KFF-1487
US-1488,KFF-1488
US-1489,KFF-1489
US-1490,KFF-1490
US-1491,KFF-1491
US-1492,KFF-1492
US-1493,KFF-1493
US-1494,KFF-1494
US-1495,KFF-1495
US-1496,KFF-1496
US-1497,KFF-1497
US-1498,KFF-1498
US-1499,KFF-1499
US-1500,KFF-1500
US-1501,KFF-1501
US-1502,KFF-1502
US-1503,KFF-1503
US-1504,KFF-1504
US-1505,KFF-1505
US-1506,KFF-1506
US-1507,KFF-1507
US-1508,KFF-1508
US-1509,KFF-1509
US-1510,KFF-1510
US-1511,KFF-1511
US-1512,KFF-1512
US-1513,KFF-1513
US-1514,KFF-1514
US-1515,KFF-1515
US-1516,KFF-1516
US-1517,KFF-1517
US-1518,KFF-1518
US-1519,KFF-1519
US-1520,KFF-1520
US-1521,KFF-1521
US-1522,KFF-1522
US-1523,KFF-1523
US-1524,KFF-1524
US-1525,KFF-1525
US-1526,KFF-1526
US-1527,KFF-1527
US-1528,KFF-1528
US-1529,KFF-1529
US-1530,KFF-1530
US-1531,KFF-1531
US-1532,KFF-1532
US-1533,KFF-1533
US-1534,KFF-1534
US-1535,KFF-1535
US-1536,KFF-1536
US-1537,KFF-1537
US-1538,KFF-1538
US-1539,KFF-1539
US-1540,KFF-1540
US-1541,KFF-1541
US-1542,KFF-1542
US-1543,KFF-1543
US-1544,KFF-1544
US-1545,KFF-1545
US-1546,KFF-1546
US-1547,KFF-1547
US-1548,KFF-1548
US-1549,KFF-1549
US-1550,KFF-1550
US-1551,KFF-1551
US-1552,KFF-1552
US-1553,KFF-1553
US-1554,KFF-1554
US-1555,KFF-1555
US-1556,KFF-1556
US-1557,KFF-1557
US-1558,KFF-1558
US-1559,KFF-1559
US-1560,KFF-1560
US-1561,KFF-1561
US-1562,KFF-1562
US-1563,KFF-1563
US-1564,KFF-1564
US-1565,KFF-1565
US-1566,KFF-1566
US-1567,KFF-1567
US-1568,KFF-1568
US-1569,KFF-1569
US-1570,KFF-1570
US-1571,KFF-1571
US-1572,KFF-1572
US-1573,KFF-1573
US-1574,KFF-1574
US-1575,KFF-1575
US-1576,KFF-1576
US-1577,KFF-1577
US-1578,KFF-1578
US-1579,KFF-1579
US-1580,KFF-1580
US-1581,KFF-1581
US-1582,KFF-1582
US-1583,KFF-1583
US-1584,KFF-1584
US-1585,KFF-1585
US-1586,KFF-1586
US-1587,KFF-1587
US-1588,KFF-1588
US-1589,KFF-1589
US-1590,KFF-1590
US-1591,KFF-5873
US-1592,KFF-1592
US-1593,KFF-1593
US-1594,KFF-1594
US-1595,KFF-1595
US-1596,KFF-1596
US-1597,KFF-1597
US-1598,KFF-1598
US-1599,KFF-1599
US-1600,KFF-1600
US-1601,KFF-1601
US-1602,KFF-1602
US-1603,KFF-1603
US-1604,KFF-1604
US-1605,KFF-1605
US-1606,KFF-1606
US-1607,KFF-1607
US-1608,KFF-1608
US-1609,KFF-1609
US-1610,KFF-1610
US-1611,KFF-1611
US-1612,KFF-1612
US-1613,KFF-1613
US-1614,KFF-1614
US-1615,KFF-1615
US-1616,KFF-1616
US-1617,KFF-1617
US-1618,KFF-1618
US-1619,KFF-1619
US-1620,KFF-1620
US-1621,KFF-1621
US-1622,KFF-1622
US-1623,KFF-1623
US-1624,KFF-1624
US-1625,KFF-1625
US-1626,KFF-1626
US-1627,KFF-1627
US-1628,KFF-1628
US-1629,KFF-1629
US-1630,KFF-1630
US-1631,KFF-1631
US-1632,KFF-1632
US-1633,KFF-1633
US-1634,KFF-1634
US-1635,KFF-1635
US-1636,KFF-1636
US-1637,KFF-1637
US-1638,KFF-1638
US-1639,KFF-1639
US-1640,KFF-1640
US-1641,KFF-1641
US-1642,KFF-1642
US-1643,KFF-1643
US-1644,KFF-1644
US-1645,KFF-1645
US-1646,KFF-1646
US-1647,KFF-1647
US-1648,KFF-1648
US-1649,KFF-1649
US-1650,KFF-1650
US-1651,KFF-1651
US-1652,KFF-1652
US-1653,KFF-1653
US-1654,KFF-1654
US-1655,KFF-1655
US-1656,KFF-1656
US-1657,KFF-1657
US-1658,KFF-1658
US-1659,KFF-1659
US-1660,KFF-1660
US-1661,KFF-1661
US-1662,KFF-1662
US-1663,KFF-1663
US-1664,KFF-1664
US-1665,KFF-1665
US-1666,KFF-1666
US-1667,KFF-1667
US-1668,KFF-1668
US-1669,KFF-1669
US-1670,KFF-1670
US-1671,KFF-1671
US-1672,KFF-1672
US-1673,KFF-1673
US-1674,KFF-1674
US-1675,KFF-1675
US-1676,KFF-1676
US-1677,KFF-1677
US-1678,KFF-1678
US-1679,KFF-1679
US-1680,KFF-1680
US-1681,KFF-1681
US-1682,KFF-1682
US-1683,KFF-1683
US-1684,KFF-1684
US-1685,KFF-1685
US-1686,KFF-1686
US-1687,KFF-1687
US-1688,KFF-1688
US-1689,KFF-1689
US-1690,KFF-1690
US-1691,KFF-1691
US-1692,KFF-1692
US-1693,KFF-1693
US-1694,KFF-1694
US-1695,KFF-1695
US-1696,KFF-1696
US-1697,KFF-1697
US-1698,KFF-1698
US-1699,KFF-1699
US-1700,KFF-1700
US-1701,KFF-1701
US-1702,KFF-1702
US-1703,KFF-1703
US-1704,KFF-1704
US-1705,KFF-1705
US-1706,KFF-1706
US-1707,KFF-1707
US-1708,KFF-1708
US-1709,KFF-1709
US-1710,KFF-1710
US-1711,KFF-1711
US-1712,KFF-1712
US-1713,KFF-1713
US-1714,KFF-1714
US-1715,KFF-1715
US-1716,KFF-1716
US-1717,KFF-1717
US-1718,KFF-1718
US-1719,KFF-1719
US-1720,KFF-1720
US-1721,KFF-1721
US-1722,KFF-1722
US-1723,KFF-1723
US-1724,KFF-1724
US-1725,KFF-1725
US-1726,KFF-1726
US-1727,KFF-1727
US-1728,KFF-1728
US-1729,KFF-1729
US-1730,KFF-1730
US-1731,KFF-1731
US-1732,KFF-1732
US-1733,KFF-1733
US-1734,KFF-1734
US-1735,KFF-1735
US-1736,KFF-1736
US-1737,KFF-1737
US-1738,KFF-1738
US-1739,KFF-1739
US-1740,KFF-1740
US-1741,KFF-1741
US-1742,KFF-1742
US-1743,KFF-1743
US-1744,KFF-1744
US-1745,KFF-1745
US-1746,KFF-1746
US-1747,KFF-1747
US-1748,KFF-1748
US-1749,KFF-1749
US-1750,KFF-1750
US-1751,KFF-1751
US-1752,KFF-1752
US-1753,KFF-1753
US-1754,KFF-1754
US-1755,KFF-1755
US-1756,KFF-1756
US-1757,KFF-1757
US-1758,KFF-1758
US-1759,KFF-1759
US-1760,KFF-1760
US-1761,KFF-1761
US-1762,KFF-1762
US-1763,KFF-1763
US-1764,KFF-1764
US-1765,KFF-1765
US-1766,KFF-1766
US-1767,KFF-1767
US-1768,KFF-1768
US-1769,KFF-1769
US-1770,KFF-1770
US-1771,KFF-1771
US-1772,KFF-1772
US-1773,KFF-1773
US-1774,KFF-1774
US-1775,KFF-1775
US-1776,KFF-1776
US-1777,KFF-1777
US-1778,KFF-1778
US-1779,KFF-1779
US-1780,KFF-1780
US-1781,KFF-1781
US-1782,KFF-1782
US-1783,KFF-1783
US-1784,KFF-1784
US-1785,KFF-1785
US-1786,KFF-1786
US-1787,KFF-1787
US-1788,KFF-1788
US-1789,KFF-1789
US-1790,KFF-1790
US-1791,KFF-1791
US-1792,KFF-1792
US-1793,KFF-1793
US-1794,KFF-1794
US-1795,KFF-1795
US-1796,KFF-1796
US-1797,KFF-1797
US-1798,KFF-1798
US-1799,KFF-1799
US-1800,KFF-1800
US-1801,KFF-1801
US-1802,KFF-1802
US-1803,KFF-1803
US-1804,KFF-1804
US-1805,KFF-1805
US-1806,KFF-1806
US-1807,KFF-1807
US-1808,KFF-1808
US-1809,KFF-1809
US-1810,KFF-1810
US-1811,KFF-1811
US-1812,KFF-1812
US-1813,KFF-1813
US-1814,KFF-1814
US-1815,KFF-1815
US-1816,KFF-1816
US-1817,KFF-1817
US-1818,KFF-1818
US-1819,KFF-1819
US-1820,KFF-1820
US-1821,KFF-1821
US-1822,KFF-1822
US-1823,KFF-1823
US-1824,KFF-1824
US-1825,KFF-1825
US-1826,KFF-1826
US-1827,KFF-1827
US-1828,KFF-1828
US-1829,KFF-1829
US-1830,KFF-1830
US-1831,KFF-1831
US-1832,KFF-1832
US-1833,KFF-1833
US-1834,KFF-1834
US-1835,KFF-1835
US-1836,KFF-1836
US-1837,KFF-1837
US-1838,KFF-1838
US-1839,KFF-1839
US-1840,KFF-1840
US-1841,KFF-1841
US-1842,KFF-1842
US-1843,KFF-1843
US-1844,KFF-1844
US-1845,KFF-1845
US-1846,KFF-1846
US-1847,KFF-1847
US-1848,KFF-1848
US-1849,KFF-1849
US-1850,KFF-1850
US-1851,KFF-1851
US-1852,KFF-1852
US-1853,KFF-1853
US-1854,KFF-1854
US-1855,KFF-1855
US-1856,KFF-1856
US-1857,KFF-1857
US-1858,KFF-1858
US-1859,KFF-1859
US-1860,KFF-1860
US-1861,KFF-1861
US-1862,KFF-1862
US-1863,KFF-1863
US-1864,KFF-1864
US-1865,KFF-1865
US-1866,KFF-1866
US-1867,KFF-1867
US-1868,KFF-1868
US-1869,KFF-1869
US-1870,KFF-1870
US-1871,KFF-1871
US-1872,KFF-1872
US-1873,KFF-1873
US-1874,KFF-1874
US-1875,KFF-1875
US-1876,KFF-1876
US-1877,KFF-1877
US-1878,KFF-1878
US-1879,KFF-1879
US-1880,KFF-1880
US-1881,KFF-1881
US-1882,KFF-1882
US-1883,KFF-1883
US-1884,KFF-1884
US-1885,KFF-1885
US-1886,KFF-1886
US-1887,KFF-1887
US-1888,KFF-1888
US-1889,KFF-1889
US-1890,KFF-1890
US-1891,KFF-1891
US-1892,KFF-1892
US-1893,KFF-1893
US-1894,KFF-1894
US-1895,KFF-1895
US-1896,KFF-1896
US-1897,KFF-1897
US-1898,KFF-1898
US-1899,KFF-1899
US-1900,KFF-1900
US-1901,KFF-1901
US-1902,KFF-1902
US-1903,KFF-1903
US-1904,KFF-1904
US-1905,KFF-1905
US-1906,KFF-1906
US-1907,KFF-1907
US-1908,KFF-1908
US-1909,KFF-1909
US-1910,KFF-1910
US-1911,KFF-1911
US-1912,KFF-1912
US-1913,KFF-1913
US-1914,KFF-1914
US-1915,KFF-1915
US-1916,KFF-1916
US-1917,KFF-1917
US-1918,KFF-1918
US-1919,KFF-1919
US-1920,KFF-1920
US-1921,KFF-1921
US-1922,KFF-1922
US-1923,KFF-1923
US-1924,KFF-1924
US-1925,KFF-1925
US-1926,KFF-1926
US-1927,KFF-1927
US-1928,KFF-1928
US-1929,KFF-1929
US-1930,KFF-1930
US-1931,KFF-1931
US-1932,KFF-1932
US-1933,KFF-1933
US-1934,KFF-1934
US-1935,KFF-1935
US-1936,KFF-1936
US-1937,KFF-1937
US-1938,KFF-1938
US-1939,KFF-1939
US-1940,KFF-1940
US-1941,KFF-1941
US-1942,KFF-1942
US-1943,KFF-1943
US-1944,KFF-1944
US-1945,KFF-1945
US-1946,KFF-1946
US-1947,KFF-1947
US-1948,KFF-1948
US-1949,KFF-1949
US-1950,KFF-1950
US-1951,KFF-1951
US-1952,KFF-1952
US-1953,KFF-1953
US-1954,KFF-1954
US-1955,KFF-1955
US-1956,KFF-1956
US-1957,KFF-1957
US-1958,KFF-1958
US-1959,KFF-1959
US-1960,KFF-1960
US-1961,KFF-1961
US-1962,KFF-1962
US-1963,KFF-1963
US-1964,KFF-1964
US-1965,KFF-1965
US-1966,KFF-1966
US-1967,KFF-1967
US-1968,KFF-1968
US-1969,KFF-1969
US-1970,KFF-1970
US-1971,KFF-1971
US-1972,KFF-1972
US-1973,KFF-1973
US-1974,KFF-1974
US-1975,KFF-1975
US-1976,KFF-1976
US-1977,KFF-1977
US-1978,KFF-1978
US-1979,KFF-1979
US-1980,KFF-1980
US-1981,KFF-1981
US-1982,KFF-1982
US-1983,KFF-1983
US-1984,KFF-1984
US-1985,KFF-1985
US-1986,KFF-1986
US-1987,KFF-1987
US-1988,KFF-1988
US-1989,KFF-1989
US-1990,KFF-1990
US-1991,KFF-1991
US-1992,KFF-1992
US-1993,KFF-1993
US-1994,KFF-1994
US-1995,KFF-1995
US-1996,KFF-1996
US-1997,KFF-1997
US-1998,KFF-1998
US-1999,KFF-1999
US-2000,KFF-2000
US-2001,KFF-2001
US-2002,KFF-2002
US-2003,KFF-2003
US-2004,KFF-2004
US-2005,KFF-2005
US-2006,KFF-2006
US-2007,KFF-2007
US-2008,KFF-2008
US-2009,KFF-2009
US-2010,KFF-2010
US-2011,KFF-2011
US-2012,KFF-2012
US-2013,KFF-2013
US-2014,KFF-2014
US-2015,KFF-2015
US-2016,KFF-2016
US-2017,KFF-2017
US-2018,KFF-2018
US-2019,KFF-2019
US-2020,KFF-2020
US-2021,KFF-2021
US-2022,KFF-2022
US-2023,KFF-2023
US-2024,KFF-2024
US-2025,KFF-2025
US-2026,KFF-2026
US-2027,KFF-2027
US-2028,KFF-2028
US-2029,KFF-2029
US-2030,KFF-2030
US-2031,KFF-2031
US-2032,KFF-2032
US-2033,KFF-2033
US-2034,KFF-2034
US-2035,KFF-2035
US-2036,KFF-2036
US-2037,KFF-2037
US-2038,KFF-2038
US-2039,KFF-2039
US-2040,KFF-2040
US-2041,KFF-2041
US-2042,KFF-2042
US-2043,KFF-2043
US-2044,KFF-2044
US-2045,KFF-2045
US-2046,KFF-2046
US-2047,KFF-2047
US-2048,KFF-2048
US-2049,KFF-2049
US-2050,KFF-2050
US-2051,KFF-2051
US-2052,KFF-2052
US-2053,KFF-2053
US-2054,KFF-2054
US-2055,KFF-2055
US-2056,KFF-2056
US-2057,KFF-2057
US-2058,KFF-2058
US-2059,KFF-2059
US-2060,KFF-2060
US-2061,KFF-2061
US-2062,KFF-2062
US-2063,KFF-2063
US-2064,KFF-2064
US-2065,KFF-2065
US-2066,KFF-2066
US-2067,KFF-2067
US-2068,KFF-2068
US-2069,KFF-2069
US-2070,KFF-2070
US-2071,KFF-2071
US-2072,KFF-2072
US-2073,KFF-2073
US-2074,KFF-2074
US-2075,KFF-2075
US-2076,KFF-2076
US-2077,KFF-2077
US-2078,KFF-2078
US-2079,KFF-2079
US-2080,KFF-2080
US-2081,KFF-2081
US-2082,KFF-2082
US-2083,KFF-2083
US-2084,KFF-2084
US-2085,KFF-2085
US-2086,KFF-2086
US-2087,KFF-2087
US-2088,KFF-2088
US-2089,KFF-2089
US-2090,KFF-2090
US-2091,KFF-2091
US-2092,KFF-2092
US-2093,KFF-2093
US-2094,KFF-2094
US-2095,KFF-2095
US-2096,KFF-2096
US-2097,KFF-2097
US-2098,KFF-2098
US-2099,KFF-2099
US-2100,KFF-2100
US-2101,KFF-2101
US-2102,KFF-2102
US-2103,KFF-2103
US-2104,KFF-2104
US-2105,KFF-2105
US-2106,KFF-2106
US-2107,KFF-2107
US-2108,KFF-2108
US-2109,KFF-2109
US-2110,KFF-2110
US-2111,KFF-2111
US-2112,KFF-2112
US-2113,KFF-2113
US-2114,KFF-2114
US-2115,KFF-2115
US-2116,KFF-2116
US-2117,KFF-2117
US-2118,KFF-2118
US-2119,KFF-2119
US-2120,KFF-2120
US-2121,KFF-2121
US-2122,KFF-2122
US-2123,KFF-2123
US-2124,KFF-2124
US-2125,KFF-2125
US-2126,KFF-2126
US-2127,KFF-2127
US-2128,KFF-2128
US-2129,KFF-2129
US-2130,KFF-2130
US-2131,KFF-2131
US-2132,KFF-2132
US-2133,KFF-2133
US-2134,KFF-2134
US-2135,KFF-2135
US-2136,KFF-2136
US-2137,KFF-2137
US-2138,KFF-2138
US-2139,KFF-2139
US-2140,KFF-2140
US-2141,KFF-2141
US-2142,KFF-2142
US-2143,KFF-2143
US-2144,KFF-2144
US-2145,KFF-2145
US-2146,KFF-2146
US-2147,KFF-2147
US-2148,KFF-2148
US-2149,KFF-2149
US-2150,KFF-2150
US-2151,KFF-2151
US-2152,KFF-2152
US-2153,KFF-2153
US-2154,KFF-2154
US-2155,KFF-2155
US-2156,KFF-2156
US-2157,KFF-2157
US-2158,KFF-2158
US-2159,KFF-2159
US-2160,KFF-2160
US-2161,KFF-2161
US-2162,KFF-2162
US-2163,KFF-2163
US-2164,KFF-2164
US-2165,KFF-2165
US-2166,KFF-2166
US-2167,KFF-2167
US-2168,KFF-2168
US-2169,KFF-2169
US-2170,KFF-2170
US-2171,KFF-2171
US-2172,KFF-2172
US-2173,KFF-2173
US-2174,KFF-2174
US-2175,KFF-2175
US-2176,KFF-2176
US-2177,KFF-2177
US-2178,KFF-2178
US-2179,KFF-2179
US-2180,KFF-2180
US-2181,KFF-2181
US-2182,KFF-2182
US-2183,KFF-2183
US-2184,KFF-2184
US-2185,KFF-2185
US-2186,KFF-2186
US-2187,KFF-2187
US-2188,KFF-2188
US-2189,KFF-2189
US-2190,KFF-2190
US-2191,KFF-2191
US-2192,KFF-2192
US-2193,KFF-2193
US-2194,KFF-2194
US-2195,KFF-2195
US-2196,KFF-2196
US-2197,KFF-2197
US-2198,KFF-2198
US-2199,KFF-2199
US-2200,KFF-2200
US-2201,KFF-2201
US-2202,KFF-2202
US-2203,KFF-2203
US-2204,KFF-2204
US-2205,KFF-2205
US-2206,KFF-2206
US-2207,KFF-2207
US-2208,KFF-2208
US-2209,KFF-2209
US-2210,KFF-2210
US-2211,KFF-2211
US-2212,KFF-2212
US-2213,KFF-2213
US-2214,KFF-2214
US-2215,KFF-2215
US-2216,KFF-2216
US-2217,KFF-2217
US-2218,KFF-2218
US-2219,KFF-2219
US-2220,KFF-2220
US-2221,KFF-2221
US-2222,KFF-2222
US-2223,KFF-2223
US-2224,KFF-2224
US-2225,KFF-2225
US-2226,KFF-2226
US-2227,KFF-2227
US-2228,KFF-2228
US-2229,KFF-2229
US-2230,KFF-2230
US-2231,KFF-2231
US-2232,KFF-2232
US-2233,KFF-2233
US-2234,KFF-2234
US-2235,KFF-2235
US-2236,KFF-2236
US-2237,KFF-2237
US-2238,KFF-2238
US-2239,KFF-2239
US-2240,KFF-2240
US-2241,KFF-2241
US-2242,KFF-2242
US-2243,KFF-2243
US-2244,KFF-2244
US-2245,KFF-2245
US-2246,KFF-2246
US-2247,KFF-2247
US-2248,KFF-2248
US-2249,KFF-2249
US-2250,KFF-2250
US-2251,KFF-2251
US-2252,KFF-2252
US-2253,KFF-2253
US-2254,KFF-2254
US-2255,KFF-2255
US-2256,KFF-2256
US-2257,KFF-2257
US-2258,KFF-2258
US-2259,KFF-2259
US-2260,KFF-2260
US-2261,KFF-2261
US-2262,KFF-2262
US-2263,KFF-2263
US-2264,KFF-2264
US-2265,KFF-2265
US-2266,KFF-2266
US-2267,KFF-2267
US-2268,KFF-2268
US-2269,KFF-2269
US-2270,KFF-2270
US-2271,KFF-2271
US-2272,KFF-2272
US-2273,KFF-2273
US-2274,KFF-2274
US-2275,KFF-2275
US-2276,KFF-2276
US-2277,KFF-2277
US-2278,KFF-2278
US-2279,KFF-2279
US-2280,KFF-2280
US-2281,KFF-2281
US-2282,KFF-2282
US-2283,KFF-2283
US-2284,KFF-2284
US-2285,KFF-2285
US-2286,KFF-2286
US-2287,KFF-2287
US-2288,KFF-2288
US-2289,KFF-2289
US-2290,KFF-2290
US-2291,KFF-2291
US-2292,KFF-2292
US-2293,KFF-2293
US-2294,KFF-2294
US-2295,KFF-2295
US-2296,KFF-2296
US-2297,KFF-2297
US-2298,KFF-2298
US-2299,KFF-2299
US-2300,KFF-2300
US-2301,KFF-2301
US-2302,KFF-2302
US-2303,KFF-2303
US-2304,KFF-2304
US-2305,KFF-2305
US-2306,KFF-2306
US-2307,KFF-2307
US-2308,KFF-2308
US-2309,KFF-2309
US-2310,KFF-2310
US-2311,KFF-2311
US-2312,KFF-2312
US-2313,KFF-2313
US-2314,KFF-2314
US-2315,KFF-2315
US-2316,KFF-2316
US-2317,KFF-2317
US-2318,KFF-2318
US-2319,KFF-2319
US-2320,KFF-2320
US-2321,KFF-2321
US-2322,KFF-2322
US-2323,KFF-2323
US-2324,KFF-2324
US-2325,KFF-2325
US-2326,KFF-2326
US-2327,KFF-2327
US-2328,KFF-2328
US-2329,KFF-2329
US-2330,KFF-2330
US-2331,KFF-2331
US-2332,KFF-2332
US-2333,KFF-2333
US-2334,KFF-2334
US-2335,KFF-2335
US-2336,KFF-2336
US-2337,KFF-2337
US-2338,KFF-2338
US-2339,KFF-2339
US-2340,KFF-2340
US-2341,KFF-2341
US-2342,KFF-2342
US-2343,KFF-2343
US-2344,KFF-2344
US-2345,KFF-2345
US-2346,KFF-2346
US-2347,KFF-2347
US-2348,KFF-2348
US-2349,KFF-2349
US-2350,KFF-2350
US-2351,KFF-2351
US-2352,KFF-2352
US-2353,KFF-2353
US-2354,KFF-2354
US-2355,KFF-2355
US-2356,KFF-2356
US-2357,KFF-2357
US-2358,KFF-2358
US-2359,KFF-2359
US-2360,KFF-2360
US-2361,KFF-2361
US-2362,KFF-2362
US-2363,KFF-2363
US-2364,KFF-6848
US-2365,KFF-2365
US-2366,KFF-2366
US-2367,KFF-2367
US-2368,KFF-2368
US-2369,KFF-2369
US-2370,KFF-2370
US-2371,KFF-2371
US-2372,KFF-2372
US-2373,KFF-2373
US-2374,KFF-2374
US-2375,KFF-2375
US-2376,KFF-2376
US-2377,KFF-2377
US-2378,KFF-2378
US-2379,KFF-2379
US-2380,KFF-2380
US-2381,KFF-2381
US-2382,KFF-2382
US-2383,KFF-2383
US-2384,KFF-2384
US-2385,KFF-2385
US-2386,KFF-2386
US-2387,KFF-2387
US-2388,KFF-2388
US-2389,KFF-2389
US-2390,KFF-2390
US-2391,KFF-2391
US-2392,KFF-2392
US-2393,KFF-2393
US-2394,KFF-2394
US-2395,KFF-2395
US-2396,KFF-2396
US-2397,KFF-2397
US-2398,KFF-2398
US-2399,KFF-2399
US-2400,KFF-2400
US-2401,KFF-2401
US-2402,KFF-2402
US-2403,KFF-2403
US-2404,KFF-2404
US-2405,KFF-2405
US-2406,KFF-2406
US-2407,KFF-2407
US-2408,KFF-2408
US-2409,KFF-2409
US-2410,KFF-2410
US-2411,KFF-2411
US-2412,KFF-2412
US-2413,KFF-2413
US-2414,KFF-2414
US-2415,KFF-2415
US-2416,KFF-2416
US-2417,KFF-2417
US-2418,KFF-2418
US-2419,KFF-2419
US-2420,KFF-2420
US-2421,KFF-2421
US-2422,KFF-2422
US-2423,KFF-2423
US-2424,KFF-2424
US-2425,KFF-2425
US-2426,KFF-2426
US-2427,KFF-2427
US-2428,KFF-2428
US-2429,KFF-2429
US-2430,KFF-2430
US-2431,KFF-2431
US-2432,KFF-2432
US-2433,KFF-2433
US-2434,KFF-2434
US-2435,KFF-2435
US-2436,KFF-2436
US-2437,KFF-2437
US-2438,KFF-2438
US-2439,KFF-2439
US-2440,KFF-2440
US-2442,KFF-2442
US-2443,KFF-2443
US-2444,KFF-2444
US-2445,KFF-2445
US-2446,KFF-2446
US-2447,KFF-2447
US-2448,KFF-2448
US-2449,KFF-2449
US-2450,KFF-2450
US-2451,KFF-2451
US-2452,KFF-2452
US-2453,KFF-2453
US-2454,KFF-2454
US-2455,KFF-2455
US-2456,KFF-2456
US-2457,KFF-2457
US-2458,KFF-2458
US-2459,KFF-2459
US-2460,KFF-2460
US-2461,KFF-2461
US-2462,KFF-2462
US-2463,KFF-2463
US-2464,KFF-2464
US-2465,KFF-2465
US-2466,KFF-2466
US-2467,KFF-2467
US-2468,KFF-2468
US-2469,KFF-2469
US-2470,KFF-2470
US-2471,KFF-2471
US-2472,KFF-2472
US-2473,KFF-2473
US-2474,KFF-2474
US-2475,KFF-2475
US-2476,KFF-2476
US-2477,KFF-2477
US-2478,KFF-2478
US-2479,KFF-2479
US-2480,KFF-2480
US-2481,KFF-2481
US-2482,KFF-2482
US-2483,KFF-2483
US-2484,KFF-2484
US-2485,KFF-2485
US-2486,KFF-2486
US-2487,KFF-2487
US-2488,KFF-2488
US-2489,KFF-2489
US-2490,KFF-2490
US-2491,KFF-2491
US-2492,KFF-2492
US-2493,KFF-2493
US-2494,KFF-2494
US-2495,KFF-2495
US-2496,KFF-2496
US-2497,KFF-2497
US-2498,KFF-2498
US-2499,KFF-2499
US-2500,KFF-2500
US-2501,KFF-2501
US-2502,KFF-2502
US-2503,KFF-2503
US-2504,KFF-2504
US-2505,KFF-2505
US-2506,KFF-2506
US-2507,KFF-2507
US-2508,KFF-2508
US-2509,KFF-2509
US-2510,KFF-2510
US-2511,KFF-2511
US-2512,KFF-2512
US-2513,KFF-2513
US-2514,KFF-2514
US-2515,KFF-2515
US-2516,KFF-2516
US-2517,KFF-2517
US-2518,KFF-2518
US-2519,KFF-2519
US-2520,KFF-2520
US-2521,KFF-2521
US-2522,KFF-2522
US-2523,KFF-2523
US-2524,KFF-2524
US-2525,KFF-2525
US-2526,KFF-2526
US-2527,KFF-2527
US-2528,KFF-2528
US-2529,KFF-2529
US-2530,KFF-2530
US-2531,KFF-2531
US-2532,KFF-2532
US-2533,KFF-2533
US-2534,KFF-2534
US-2535,KFF-2535
US-2536,KFF-2536
US-2537,KFF-2537
US-2538,KFF-2538
US-2539,KFF-2539
US-2540,KFF-2540
US-2541,KFF-2541
US-2542,KFF-2542
US-2543,KFF-2543
US-2544,KFF-2544
US-2545,KFF-2545
US-2546,KFF-2546
US-2547,KFF-2547
US-2548,KFF-2548
US-2549,KFF-2549
US-2550,KFF-2550
US-2551,KFF-2551
US-2552,KFF-2552
US-2553,KFF-2553
US-2554,KFF-2554
US-2555,KFF-2555
US-2556,KFF-2556
US-2557,KFF-2557
US-2558,KFF-2558
US-2559,KFF-2559
US-2560,KFF-2560
US-2561,KFF-2561
US-2562,KFF-2562
US-2563,KFF-2563
US-2564,KFF-2564
US-2565,KFF-2565
US-2566,KFF-2566
US-2567,KFF-2567
US-2568,KFF-2568
US-2569,KFF-2569
US-2570,KFF-2570
US-2571,KFF-2571
US-2572,KFF-2572
US-2573,KFF-2573
US-2574,KFF-2574
US-2575,KFF-2575
US-2576,KFF-2576
US-2577,KFF-2577
US-2578,KFF-2578
US-2579,KFF-2579
US-2580,KFF-2580
US-2581,KFF-2581
US-2582,KFF-2582
US-2583,KFF-2583
US-2584,KFF-2584
US-2585,KFF-2585
US-2586,KFF-2586
US-2587,KFF-2587
US-2588,KFF-2588
US-2589,KFF-2589
US-2590,KFF-2590
US-2591,KFF-2591
US-2592,KFF-2592
US-2593,KFF-2593
US-2594,KFF-2594
US-2595,KFF-2595
US-2596,KFF-2596
US-2597,KFF-2597
US-2598,KFF-2598
US-2599,KFF-2599
US-2600,KFF-2600
US-2601,KFF-2601
US-2602,KFF-2602
US-2603,KFF-2603
US-2604,KFF-2604
US-2605,KFF-2605
US-2606,KFF-2606
US-2607,KFF-2607
US-2608,KFF-2608
US-2609,KFF-2609
US-2610,KFF-2610
US-2611,KFF-2611
US-2612,KFF-2612
US-2613,KFF-2613
US-2614,KFF-2614
US-2615,KFF-2615
US-2616,KFF-2616
US-2617,KFF-2617
US-2618,KFF-2618
US-2619,KFF-2619
US-2620,KFF-2620
US-2621,KFF-2621
US-2622,KFF-2622
US-2623,KFF-2623
US-2624,KFF-2624
US-2625,KFF-2625
US-2626,KFF-2626
US-2627,KFF-2627
US-2628,KFF-2628
US-2629,KFF-2629
US-2630,KFF-2630
US-2631,KFF-2631
US-2632,KFF-2632
US-2633,KFF-2633
US-2634,KFF-2634
US-2635,KFF-2635
US-2636,KFF-2636
US-2637,KFF-2637
US-2638,KFF-2638
US-2639,KFF-2639
US-2640,KFF-2640
US-2641,KFF-2641
US-2642,KFF-2642
US-2643,KFF-2643
US-2644,KFF-2644
US-2645,KFF-2645
US-2646,KFF-2646
US-2647,KFF-2647
US-2648,KFF-2648
US-2649,KFF-2649
US-2650,KFF-2650
US-2651,KFF-2651
US-2652,KFF-2652
US-2653,KFF-2653
US-2654,KFF-2654
US-2655,KFF-2655
US-2656,KFF-2656
US-2657,KFF-2657
US-2658,KFF-2658
US-2659,KFF-2659
US-2660,KFF-2660
US-2661,KFF-2661
US-2662,KFF-2662
US-2663,KFF-2663
US-2664,KFF-2664
US-2665,KFF-2665
US-2666,KFF-2666
US-2667,KFF-2667
US-2668,KFF-2668
US-2669,KFF-2669
US-2670,KFF-2670
US-2671,KFF-2671
US-2672,KFF-2672
US-2673,KFF-2673
US-2674,KFF-2674
US-2675,KFF-2675
US-2676,KFF-2676
US-2677,KFF-2677
US-2678,KFF-2678
US-2679,KFF-2679
US-2680,KFF-2680
US-2681,KFF-2681
US-2682,KFF-2682
US-2683,KFF-2683
US-2684,KFF-2684
US-2685,KFF-2685
US-2686,KFF-2686
US-2687,KFF-2687
US-2688,KFF-2688
US-2689,KFF-2689
US-2690,KFF-2690
US-2691,KFF-2691
US-2692,KFF-2692
US-2693,KFF-2693
US-2694,KFF-2694
US-2695,KFF-2695
US-2696,KFF-2696
US-2697,KFF-2697
US-2698,KFF-2698
US-2699,KFF-2699
US-2700,KFF-2700
US-2701,KFF-2701
US-2702,KFF-2702
US-2703,KFF-2703
US-2704,KFF-2704
US-2705,KFF-2705
US-2706,KFF-2706
US-2707,KFF-2707
US-2708,KFF-2708
US-2709,KFF-2709
US-2710,KFF-2710
US-2711,KFF-2711
US-2712,KFF-2712
US-2713,KFF-2713
US-2714,KFF-2714
US-2715,KFF-2715
US-2716,KFF-2716
US-2717,KFF-2717
US-2718,KFF-2718
US-2719,KFF-2719
US-2720,KFF-2720
US-2721,KFF-2721
US-2722,KFF-2722
US-2723,KFF-2723
US-2724,KFF-2724
US-2725,KFF-2725
US-2726,KFF-2726
US-2727,KFF-2727
US-2728,KFF-2728
US-2729,KFF-2729
US-2730,KFF-2730
US-2731,KFF-2731
US-2732,KFF-2732
US-2733,KFF-2733
US-2734,KFF-2734
US-2735,KFF-2735
US-2736,KFF-2736
US-2737,KFF-2737
US-2738,KFF-2738
US-2739,KFF-2739
US-2740,KFF-2740
US-2741,KFF-2741
US-2742,KFF-2742
US-2743,KFF-2743
US-2744,KFF-2744
US-2745,KFF-2745
US-2746,KFF-2746
US-2747,KFF-2747
US-2748,KFF-2748
US-2749,KFF-2749
US-2750,KFF-2750
US-2751,KFF-2751
US-2752,KFF-2752
US-2753,KFF-2753
US-2754,KFF-2754
US-2755,KFF-2755
US-2756,KFF-2756
US-2757,KFF-2757
US-2758,KFF-2758
US-2759,KFF-2759
US-2760,KFF-2760
US-2761,KFF-2761
US-2762,KFF-2762
US-2763,KFF-2763
US-2764,KFF-2764
US-2765,KFF-2765
US-2766,KFF-2766
US-2767,KFF-2767
US-2768,KFF-2768
US-2769,KFF-2769
US-2770,KFF-2770
US-2771,KFF-2771
US-2772,KFF-2772
US-2773,KFF-2773
US-2774,KFF-2774
US-2775,KFF-2775
US-2776,KFF-2776
US-2777,KFF-2777
US-2778,KFF-2778
US-2779,KFF-2779
US-2780,KFF-2780
US-2781,KFF-2781
US-2782,KFF-2782
US-2783,KFF-2783
US-2784,KFF-2784
US-2785,KFF-2785
US-2786,KFF-2786
US-2787,KFF-2787
US-2788,KFF-2788
US-2789,KFF-2789
US-2790,KFF-2790
US-2791,KFF-2791
US-2792,KFF-2792
US-2793,KFF-2793
US-2794,KFF-2794
US-2795,KFF-2795
US-2796,KFF-2796
US-2797,KFF-2797
US-2798,KFF-2798
US-2799,KFF-2799
US-2800,KFF-2800
US-2801,KFF-2801
US-2802,KFF-2802
US-2803,KFF-2803
US-2804,KFF-2804
US-2805,KFF-2805
US-2806,KFF-2806
US-2807,KFF-2807
US-2808,KFF-2808
US-2809,KFF-2809
US-2810,KFF-2810
US-2811,KFF-2811
US-2812,KFF-2812
US-2813,KFF-2813
US-2814,KFF-2814
US-2815,KFF-2815
US-2816,KFF-2816
US-2817,KFF-2817
US-2818,KFF-2818
US-2819,KFF-2819
US-2820,KFF-2820
US-2821,KFF-2821
US-2822,KFF-2822
US-2823,KFF-2823
US-2824,KFF-2824
US-2825,KFF-2825
US-2826,KFF-2826
US-2827,KFF-2827
US-2828,KFF-2828
US-2829,KFF-2829
US-2830,KFF-2830
US-2831,KFF-2831
US-2832,KFF-2832
US-2833,KFF-2833
US-2834,KFF-2834
US-2835,KFF-2835
US-2836,KFF-2836
US-2837,KFF-2837
US-2838,KFF-2838
US-2839,KFF-2839
US-2840,KFF-2840
US-2841,KFF-2841
US-2842,KFF-2842
US-2843,KFF-2843
US-2844,KFF-2844
US-2845,KFF-2845
US-2846,KFF-2846
US-2847,KFF-2847
US-2848,KFF-2848
US-2849,KFF-2849
US-2850,KFF-2850
US-2851,KFF-2851
US-2852,KFF-2852
US-2853,KFF-2853
US-2854,KFF-2854
US-2855,KFF-2855
US-2856,KFF-2856
US-2857,KFF-2857
US-2858,KFF-2858
US-2859,KFF-2859
US-2860,KFF-2860
US-2861,KFF-2861
US-2862,KFF-2862
US-2863,KFF-2863
US-2864,KFF-2864
US-2865,KFF-2865
US-2866,KFF-2866
US-2867,KFF-2867
US-2868,KFF-2868
US-2869,KFF-2869
US-2870,KFF-2870
US-2871,KFF-2871
US-2872,KFF-2872
US-2873,KFF-2873
US-2874,KFF-2874
US-2875,KFF-2875
US-2876,KFF-2876
US-2877,KFF-2877
US-2878,KFF-2878
US-2879,KFF-2879
US-2880,KFF-2880
US-2881,KFF-2881
US-2882,KFF-2882
US-2883,KFF-2883
US-2884,KFF-2884
US-2885,KFF-2885
US-2886,KFF-2886
US-2887,KFF-2887
US-2888,KFF-2888
US-2889,KFF-2889
US-2890,KFF-2890
US-2891,KFF-2891
US-2892,KFF-2892
US-2893,KFF-2893
US-2894,KFF-2894
US-2895,KFF-2895
US-2896,KFF-2896
US-2897,KFF-2897
US-2898,KFF-2898
US-2899,KFF-2899
US-2900,KFF-2900
US-2901,KFF-2901
US-2902,KFF-2902
US-2903,KFF-2903
US-2904,KFF-2904
US-2905,KFF-2905
US-2906,KFF-2906
US-2907,KFF-2907
US-2908,KFF-2908
US-2909,KFF-2909
US-2910,KFF-2910
US-2911,KFF-2911
US-2912,KFF-2912
US-2913,KFF-2913
US-2914,KFF-2914
US-2915,KFF-2915
US-2916,KFF-2916
US-2917,KFF-2917
US-2918,KFF-2918
US-2919,KFF-2919
US-2920,KFF-2920
US-2921,KFF-2921
US-2922,KFF-2922
US-2923,KFF-2923
US-2924,KFF-2924
US-2925,KFF-2925
US-2926,KFF-2926
US-2927,KFF-2927
US-2928,KFF-2928
US-2929,KFF-2929
US-2930,KFF-2930
US-2931,KFF-2931
US-2932,KFF-2932
US-2933,KFF-2933
US-2934,KFF-2934
US-2935,KFF-2935
US-2936,KFF-2936
US-2937,KFF-2937
US-2938,KFF-2938
US-2939,KFF-2939
US-2940,KFF-2940
US-2941,KFF-2941
US-2942,KFF-2942
US-2943,KFF-2943
US-2944,KFF-2944
US-2945,KFF-2945
US-2946,KFF-2946
US-2947,KFF-2947
US-2948,KFF-2948
US-2949,KFF-2949
US-2950,KFF-2950
US-2951,KFF-2951
US-2952,KFF-2952
US-2953,KFF-2953
US-2954,KFF-2954
US-2955,KFF-2955
US-2956,KFF-2956
US-2957,KFF-2957
US-2958,KFF-2958
US-2959,KFF-2959
US-2960,KFF-2960
US-2961,KFF-2961
US-2962,KFF-2962
US-2963,KFF-2963
US-2964,KFF-2964
US-2965,KFF-2965
US-2966,KFF-2966
US-2967,KFF-2967
US-2968,KFF-2968
US-2969,KFF-2969
US-2970,KFF-2970
US-2971,KFF-2971
US-2972,KFF-2972
US-2973,KFF-2973
US-2974,KFF-2974
US-2975,KFF-2975
US-2976,KFF-2976
US-2977,KFF-2977
US-2978,KFF-2978
US-2979,KFF-2979
US-2980,KFF-2980
US-2981,KFF-2981
US-2982,KFF-2982
US-2983,KFF-2983
US-2984,KFF-2984
US-2985,KFF-2985
US-2986,KFF-2986
US-2987,KFF-2987
US-2988,KFF-2988
US-2989,KFF-2989
US-2990,KFF-2990
US-2991,KFF-2991
US-2992,KFF-2992
US-2993,KFF-2993
US-2994,KFF-2994
US-2995,KFF-2995
US-2996,KFF-2996
US-2997,KFF-2997
US-2998,KFF-2998
US-2999,KFF-2999
US-3000,KFF-3000
US-3001,KFF-3001
US-3002,KFF-3002
US-3003,KFF-3003
US-3004,KFF-3004
US-3005,KFF-3005
US-3006,KFF-3006
US-3007,KFF-3007
US-3008,KFF-3008
US-3009,KFF-3009
US-3010,KFF-3010
US-3011,KFF-3011
US-3012,KFF-3012
US-3013,KFF-3013
US-3014,KFF-3014
US-3015,KFF-3015
US-3016,KFF-3016
US-3017,KFF-3017
US-3018,KFF-3018
US-3019,KFF-3019
US-3020,KFF-3020
US-3021,KFF-3021
US-3022,KFF-3022
US-3023,KFF-3023
US-3024,KFF-3024
US-3025,KFF-3025
US-3026,KFF-3026
US-3027,KFF-3027
US-3028,KFF-3028
US-3029,KFF-3029
US-3030,KFF-3030
US-3031,KFF-3031
US-3032,KFF-3032
US-3033,KFF-3033
US-3034,KFF-3034
US-3035,KFF-3035
US-3036,KFF-3036
US-3037,KFF-3037
US-3038,KFF-3038
US-3039,KFF-3039
US-3040,KFF-3040
US-3041,KFF-3041
US-3042,KFF-3042
US-3043,KFF-3043
US-3044,KFF-3044
US-3045,KFF-3045
US-3046,KFF-3046
US-3047,KFF-3047
US-3048,KFF-3048
US-3049,KFF-3049
US-3050,KFF-3050
US-3051,KFF-3051
US-3052,KFF-3052
US-3053,KFF-3053
US-3054,KFF-3054
US-3055,KFF-3055
US-3056,KFF-3056
US-3057,KFF-3057
US-3058,KFF-3058
US-3059,KFF-3059
US-3060,KFF-3060
US-3061,KFF-3061
US-3062,KFF-3062
US-3063,KFF-3063
US-3064,KFF-3064
US-3065,KFF-3065
US-3066,KFF-3066
US-3067,KFF-3067
US-3068,KFF-3068
US-3069,KFF-3069
US-3070,KFF-3070
US-3071,KFF-3071
US-3072,KFF-3072
US-3073,KFF-3073
US-3074,KFF-3074
US-3075,KFF-3075
US-3076,KFF-3076
US-3077,KFF-3077
US-3078,KFF-3078
US-3079,KFF-3079
US-3080,KFF-3080
US-3081,KFF-3081
US-3082,KFF-3082
US-3083,KFF-3083
US-3084,KFF-3084
US-3085,KFF-3085
US-3086,KFF-3086
US-3087,KFF-3087
US-3088,KFF-3088
US-3089,KFF-3089
US-3090,KFF-3090
US-3091,KFF-3091
US-3092,KFF-3092
US-3093,KFF-3093
US-3094,KFF-3094
US-3095,KFF-3095
US-3096,KFF-3096
US-3097,KFF-3097
US-3098,KFF-3098
US-3099,KFF-3099
US-3100,KFF-3100
US-3101,KFF-3101
US-3102,KFF-3102
US-3103,KFF-3103
US-3104,KFF-3104
US-3105,KFF-3105
US-3106,KFF-3106
US-3107,KFF-3107
US-3108,KFF-3108
US-3109,KFF-3109
US-3110,KFF-3110
US-3111,KFF-3111
US-3112,KFF-3112
US-3113,KFF-3113
US-3114,KFF-3114
US-3115,KFF-3115
US-3116,KFF-3116
US-3117,KFF-3117
US-3118,KFF-3118
US-3119,KFF-3119
US-3120,KFF-3120
US-3121,KFF-3121
US-3122,KFF-3122
US-3123,KFF-3123
US-3124,KFF-3124
US-3125,KFF-3125
US-3126,KFF-3126
US-3127,KFF-3127
US-3128,KFF-3128
US-3129,KFF-3129
US-3130,KFF-3130
US-3131,KFF-3131
US-3132,KFF-3132
US-3133,KFF-3133
US-3134,KFF-3134
US-3135,KFF-3135
US-3136,KFF-3136
US-3137,KFF-3137
US-3138,KFF-3138
US-3139,KFF-3139
US-3140,KFF-3140
US-3141,KFF-3141
US-3142,KFF-3142
US-3143,KFF-3143
US-3144,KFF-3144
US-3145,KFF-3145
US-3146,KFF-3146
US-3147,KFF-3147
US-3148,KFF-3148
US-3149,KFF-3149
US-3150,KFF-3150
US-3151,KFF-3151
US-3152,KFF-3152
US-3153,KFF-3153
US-3154,KFF-3154
US-3155,KFF-3155
US-3156,KFF-3156
US-3157,KFF-3157
US-3158,KFF-3158
US-3159,KFF-3159
US-3160,KFF-3160
US-3161,KFF-3161
US-3162,KFF-3162
US-3163,KFF-3163
US-3164,KFF-3164
US-3165,KFF-3165
US-3166,KFF-3166
US-3167,KFF-3167
US-3168,KFF-3168
US-3169,KFF-3169
US-3170,KFF-3170
US-3171,KFF-3171
US-3172,KFF-3172
US-3173,KFF-3173
US-3174,KFF-3174
US-3175,KFF-3175
US-3176,KFF-3176
US-3177,KFF-3177
US-3178,KFF-3178
US-3179,KFF-3179
US-3180,KFF-3180
US-3181,KFF-3181
US-3182,KFF-3182
US-3183,KFF-3183
US-3184,KFF-3184
US-3185,KFF-3185
US-3186,KFF-3186
US-3187,KFF-3187
US-3188,KFF-3188
US-3189,KFF-3189
US-3190,KFF-3190
US-3191,KFF-3191
US-3192,KFF-3192
US-3193,KFF-3193
US-3194,KFF-3194
US-3195,KFF-3195
US-3196,KFF-3196
US-3197,KFF-3197
US-3198,KFF-3198
US-3199,KFF-3199
US-3200,KFF-3200
US-3201,KFF-3201
US-3202,KFF-3202
US-3203,KFF-3203
US-3204,KFF-3204
US-3205,KFF-3205
US-3206,KFF-3206
US-3207,KFF-3207
US-3208,KFF-3208
US-3209,KFF-3209
US-3210,KFF-3210
US-3211,KFF-3211
US-3212,KFF-3212
US-3213,KFF-3213
US-3214,KFF-3214
US-3215,KFF-3215
US-3216,KFF-3216
US-3217,KFF-3217
US-3218,KFF-3218
US-3219,KFF-3219
US-3220,KFF-3220
US-3221,KFF-3221
US-3222,KFF-3222
US-3223,KFF-3223
US-3224,KFF-3224
US-3225,KFF-3225
US-3226,KFF-3226
US-3227,KFF-3227
US-3228,KFF-3228
US-3229,KFF-3229
US-3230,KFF-3230
US-3231,KFF-3231
US-3232,KFF-3232
US-3233,KFF-3233
US-3234,KFF-3234
US-3235,KFF-3235
US-3236,KFF-3236
US-3237,KFF-3237
US-3238,KFF-3238
US-3239,KFF-3239
US-3240,KFF-3240
US-3241,KFF-3241
US-3242,KFF-3242
US-3243,KFF-3243
US-3244,KFF-3244
US-3245,KFF-3245
US-3246,KFF-3246
US-3247,KFF-3247
US-3248,KFF-3248
US-3249,KFF-3249
US-3250,KFF-3250
US-3251,KFF-3251
US-3252,KFF-3252
US-3253,KFF-3253
US-3254,KFF-3254
US-3255,KFF-3255
US-3256,KFF-3256
US-3257,KFF-3257
US-3258,KFF-3258
US-3259,KFF-3259
US-3260,KFF-3260
US-3261,KFF-3261
US-3262,KFF-3262
US-3263,KFF-3263
US-3264,KFF-3264
US-3265,KFF-3265
US-3266,KFF-3266
US-3267,KFF-3267
US-3268,KFF-3268
US-3269,KFF-3269
US-3270,KFF-3270
US-3271,KFF-3271
US-3272,KFF-3272
US-3273,KFF-3273
US-3274,KFF-3274
US-3275,KFF-3275
US-3276,KFF-3276
US-3277,KFF-3277
US-3278,KFF-3278
US-3279,KFF-3279
US-3280,KFF-3280
US-3281,KFF-3281
US-3282,KFF-3282
US-3283,KFF-3283
US-3284,KFF-3284
US-3285,KFF-3285
US-3286,KFF-3286
US-3287,KFF-3287
US-3288,KFF-3288
US-3289,KFF-3289
US-3290,KFF-3290
US-3291,KFF-3291
US-3292,KFF-3292
US-3293,KFF-3293
US-3294,KFF-3294
US-3295,KFF-3295
US-3296,KFF-3296
US-3297,KFF-3297
US-3298,KFF-3298
US-3299,KFF-3299
US-3300,KFF-3300
US-3301,KFF-3301
US-3302,KFF-3302
US-3303,KFF-3303
US-3304,KFF-3304
US-3305,KFF-3305
US-3306,KFF-3306
US-3307,KFF-3307
US-3308,KFF-3308
US-3309,KFF-3309
US-3310,KFF-3310
US-3311,KFF-3311
US-3312,KFF-3312
US-3313,KFF-3313
US-3314,KFF-3314
US-3315,KFF-3315
US-3316,KFF-3316
US-3317,KFF-3317
US-3318,KFF-3318
US-3319,KFF-3319
US-3320,KFF-3320
US-3321,KFF-3321
US-3322,KFF-3322
US-3323,KFF-3323
US-3324,KFF-3324
US-3325,KFF-3325
US-3326,KFF-3326
US-3327,KFF-3327
US-3328,KFF-3328
US-3329,KFF-3329
US-3330,KFF-3330
US-3331,KFF-3331
US-3332,KFF-3332
US-3333,KFF-3333
US-3334,KFF-3334
US-3335,KFF-3335
US-3336,KFF-3336
US-3337,KFF-3337
US-3338,KFF-3338
US-3339,KFF-3339
US-3340,KFF-3340
US-3341,KFF-3341
US-3342,KFF-3342
US-3343,KFF-3343
US-3344,KFF-3344
US-3345,KFF-3345
US-3346,KFF-3346
US-3347,KFF-3347
US-3348,KFF-3348
US-3349,KFF-3349
US-3350,KFF-3350
US-3351,KFF-3351
US-3352,KFF-3352
US-3353,KFF-3353
US-3354,KFF-3354
US-3355,KFF-3355
US-3356,KFF-3356
US-3357,KFF-3357
US-3358,KFF-3358
US-3359,KFF-3359
US-3360,KFF-3360
US-3361,KFF-3361
US-3362,KFF-3362
US-3363,KFF-3363
US-3364,KFF-3364
US-3365,KFF-3365
US-3366,KFF-3366
US-3367,KFF-3367
US-3368,KFF-3368
US-3369,KFF-3369
US-3370,KFF-3370
US-3371,KFF-3371
US-3372,KFF-3372
US-3375,KFF-3375
US-3376,KFF-3376
US-3377,KFF-3377
US-3378,KFF-3378 (NC); KFF-4590 (VA)
US-3379,KFF-3379 (NJ); KFF-4595 (PA)
US-3380,KFF-3380
US-3381,KFF-3381
US-3382,KFF-3382
US-3383,KFF-3383
US-3384,KFF-3384
US-3385,KFF-3385
US-3386,KFF-3386
US-3387,KFF-3387
US-3389,KFF-3389
US-3390,KFF-3390
US-3391,KFF-3391
US-3392,KFF-6814
US-3393,KFF-3393
US-3394,KFF-3394
US-3395,KFF-3395
US-3396,KFF-3396
US-3397,KFF-3397
US-3398,KFF-3398
US-3399,KFF-3399
US-3400,KFF-3400
US-3401,KFF-3401
US-3402,KFF-3402
US-3403,KFF-3403
US-3404,KFF-3404
US-3405,KFF-3405
US-3407,KFF-3407
US-3408,KFF-3408
US-3411,KFF-3411
US-3412,KFF-3412
US-3416,KFF-3416
US-3417,KFF-3417
US-3418,KFF-3418
US-3419,KFF-3419
US-3421,KFF-3421
US-3423,KFF-3423
US-3425,KFF-3425
US-3426,KFF-3426
US-3427,KFF-3427
US-3429,KFF-3429
US-3430,KFF-3430
US-3431,KFF-3431
US-3432,KFF-3432
US-3434,KFF-3434
US-3435,KFF-3435
US-3436,KFF-3436
US-3437,KFF-3437
US-3438,KFF-3438
US-3439,KFF-3439
US-3440,KFF-3440
US-3441,KFF-3441
US-3443,KFF-3443
US-3445,KFF-3445
US-3446,KFF-3446
US-3447,KFF-3447
US-3448,KFF-3448
US-3449,KFF-3449
US-3450,KFF-3450
US-3451,KFF-3451
US-3452,KFF-3452
US-3453,KFF-3453
US-3454,KFF-3454
US-3455,KFF-3455
US-3456,KFF-3456
US-3457,KFF-3457
US-3458,KFF-3458
US-3460,KFF-3460
US-3461,KFF-3461
US-3463,KFF-3463
US-3464,KFF-3464
US-3465,KFF-3465
US-3466,KFF-3466
US-3467,KFF-3467
US-3468,KFF-3468
US-3469,KFF-3469
US-3470,KFF-3470
US-3471,KFF-3471
US-3473,KFF-3473
US-3474,KFF-3474
US-3475,KFF-3475
US-3477,KFF-3477
US-3478,KFF-3478
US-3479,KFF-3479
US-3480,KFF-3480
US-3481,KFF-3481
US-3482,KFF-3482
US-3483,KFF-3483
US-3484,KFF-3484
US-3485,KFF-3485
US-3486,KFF-3486
US-3487,KFF-3487
US-3488,KFF-3488
US-3489,KFF-3489
US-3490,KFF-3490
US-3491,KFF-3491
US-3492,KFF-3492
US-3494,KFF-3494
US-3495,KFF-3495
US-3496,KFF-3496
US-3497,KFF-3497
US-3498,KFF-3498
US-3499,KFF-3499
US-3500,KFF-3500
US-3501,KFF-3501
US-3502,KFF-3502
US-3503,KFF-3503
US-3504,KFF-3504
US-3505,KFF-3505
US-3506,KFF-3506
US-3507,KFF-3507
US-3508,KFF-3508
US-3509,KFF-3509
US-3510,KFF-3510
US-3511,KFF-3511
US-3512,KFF-3512
US-3513,KFF-3513
US-3514,KFF-3514
US-3515,KFF-3515
US-3516,KFF-3516
US-3517,KFF-3517
US-3518,KFF-3518
US-3519,KFF-3519
US-3520,KFF-3520
US-3521,KFF-6643
US-3522,KFF-3522
US-3523,KFF-3523
US-3524,KFF-3524
US-3526,KFF-3526
US-3527,KFF-3527
US-3528,KFF-3528
US-3529,KFF-3529
US-3530,KFF-3530
US-3531,KFF-3531
US-3532,KFF-3532
US-3533,KFF-3533
US-3535,KFF-3535
US-3536,KFF-3536
US-3537,KFF-3537
US-3538,KFF-3538
US-3539,KFF-3539
US-3540,KFF-3540
US-3541,KFF-3541
US-3543,KFF-3543
US-3546,KFF-3546
US-3547,KFF-3547
US-3548,KFF-3548
US-3549,KFF-3549
US-3550,KFF-3550
US-3551,KFF-3551
US-3552,KFF-3552
US-3553,KFF-3553
US-3554,KFF-3554
US-3555,KFF-3555
US-3556,KFF-3556
US-3557,KFF-3557
US-3558,KFF-3558
US-3559,KFF-3559
US-3560,KFF-3560
US-3561,KFF-3561
US-3562,KFF-3562
US-3563,KFF-3563
US-3564,KFF-3564
US-3565,KFF-3565
US-3566,KFF-3566
US-3567,KFF-3567
US-3568,KFF-3568
US-3569,KFF-3569
US-3570,KFF-3570
US-3571,KFF-3571
US-3573,KFF-3573
US-3574,KFF-3574
US-3575,KFF-3575
US-3576,KFF-3576
US-3577,KFF-3577
US-3578,KFF-3578
US-3579,KFF-3579
US-3580,KFF-3580
US-3581,KFF-3581
US-3582,KFF-3582
US-3583,KFF-3583
US-3584,KFF-3584
US-3585,KFF-3585
US-3586,KFF-3586
US-3587,KFF-3587
US-3590,KFF-3590
US-3591,KFF-3591
US-3593,KFF-3593
US-3594,KFF-3594
US-3595,KFF-3595
US-3596,KFF-3596
US-3598,KFF-3598
US-3599,KFF-3599
US-3600,KFF-3600
US-3602,KFF-3602
US-3603,KFF-3603
US-3604,KFF-3604
US-3605,KFF-3605
US-3606,KFF-3606
US-3607,KFF-3607
US-3608,KFF-3608
US-3609,KFF-3609
US-3610,KFF-3610
US-3611,KFF-3611
US-3612,KFF-3612
US-3613,KFF-3613
US-3614,KFF-3614
US-3615,KFF-3615
US-3616,KFF-3616
US-3617,KFF-3617
US-3618,KFF-3618
US-3619,KFF-3619
US-3620,KFF-3620
US-3621,KFF-3621
US-3622,KFF-3622
US-3623,KFF-3623
US-3624,KFF-3624
US-3625,KFF-3625
US-3626,KFF-3626
US-3627,KFF-3627
US-3628,KFF-3628
US-3629,KFF-3629
US-3630,KFF-3630
US-3631,KFF-3631
US-3632,KFF-3632
US-3633,KFF-3633
US-3634,KFF-3634
US-3635,KFF-3635
US-3636,KFF-3636
US-3637,KFF-3637
US-3638,KFF-3638
US-3639,KFF-3639
US-3640,KFF-3640
US-3641,KFF-3641
US-3642,KFF-3642
US-3643,KFF-3643
US-3644,KFF-3644
US-3645,KFF-3645
US-3646,KFF-3646
US-3647,KFF-3647
US-3648,KFF-3648
US-3649,KFF-3649
US-3650,KFF-3650
US-3651,KFF-3651
US-3652,KFF-3652
US-3653,KFF-3653
US-3654,KFF-3654
US-3655,KFF-3655
US-3656,KFF-3656
US-3657,KFF-3657
US-3658,KFF-3658
US-3659,KFF-3659
US-3660,KFF-3660
US-3661,KFF-3661
US-3662,KFF-3662
US-3663,KFF-3663
US-3664,KFF-3664
US-3665,KFF-3665
US-3666,KFF-3666
US-3667,KFF-3667
US-3668,KFF-3668
US-3669,KFF-3669
US-3670,KFF-3670
US-3671,KFF-3671
US-3672,KFF-3672
US-3673,KFF-3673
US-3674,KFF-3674
US-3675,KFF-3675
US-3676,KFF-3676
US-3677,KFF-3677
US-3678,KFF-3678
US-3679,KFF-3679
US-3680,KFF-3680
US-3681,KFF-3681
US-3682,KFF-3682
US-3683,KFF-3683
US-3684,KFF-3684
US-3685,KFF-3685
US-3686,KFF-3686
US-3687,KFF-3687
US-3688,KFF-3688
US-3689,KFF-3689
US-3690,KFF-3690
US-3691,KFF-3691
US-3692,KFF-3692
US-3693,KFF-3693
US-3694,KFF-3694
US-3695,KFF-3695
US-3696,KFF-3696
US-3697,KFF-3697
US-3698,KFF-3698
US-3699,KFF-3699
US-3700,KFF-3700
US-3701,KFF-3701
US-3702,KFF-3702
US-3703,KFF-3703
US-3704,KFF-3704
US-3705,KFF-3705
US-3706,KFF-3706
US-3707,KFF-3707
US-3708,KFF-3708
US-3709,KFF-3709
US-3710,KFF-3710
US-3711,KFF-3711
US-3712,KFF-3712
US-3713,KFF-3713
US-3714,KFF-3714
US-3715,KFF-3715
US-3716,KFF-3716
US-3717,KFF-3717
US-3718,KFF-3718
US-3719,KFF-3719
US-3720,KFF-3720
US-3722,KFF-3722
US-3723,KFF-3723
US-3724,KFF-3724
US-3725,KFF-3725
US-3726,KFF-3726
US-3727,KFF-3727
US-3728,KFF-3728
US-3729,KFF-3729
US-3730,KFF-3730
US-3731,KFF-3731
US-3732,KFF-3732
US-3733,KFF-3733
US-3734,KFF-3734
US-3735,KFF-3735
US-3736,KFF-3736
US-3737,KFF-3737
US-3738,KFF-3738
US-3739,KFF-3739
US-3740,KFF-3740
US-3741,KFF-3741
US-3742,KFF-3742
US-3743,KFF-3743
US-3744,KFF-3744
US-3745,KFF-3745
US-3746,KFF-3746
US-3747,KFF-3747
US-3748,KFF-3748
US-3749,KFF-3749
US-3750,KFF-3750
US-3751,KFF-3751
US-3752,KFF-3752
US-3753,KFF-3753
US-3754,KFF-3754
US-3755,KFF-3755
US-3756,KFF-3756
US-3757,KFF-3757
US-3758,KFF-3758
US-3759,KFF-3759
US-3760,KFF-3760
US-3761,KFF-3761
US-3762,KFF-3762
US-3763,KFF-3763
US-3764,KFF-3764
US-3765,KFF-3765
US-3766,KFF-3766
US-3767,KFF-3767
US-3768,KFF-3768
US-3769,KFF-3769
US-3770,KFF-3770
US-3771,KFF-3771
US-3772,KFF-3772
US-3773,KFF-3773
US-3774,KFF-3774
US-3775,KFF-3775
US-3776,KFF-3776
US-3777,KFF-3777
US-3778,KFF-3778
US-3779,KFF-3779
US-3781,KFF-3781
US-3782,KFF-3782
US-3783,KFF-3783
US-3784,KFF-3784
US-3786,KFF-3786
US-3790,KFF-3790
US-3792,KFF-3792
US-3793,KFF-3793
US-3794,KFF-3794
US-3795,KFF-3795
US-3796,KFF-3796
US-3797,KFF-3797
US-3798,KFF-3798
US-3799,KFF-3799
US-3800,KFF-3800
US-3801,KFF-3801
US-3802,KFF-3802
US-3803,KFF-3803
US-3804,KFF-3804
US-3805,KFF-3805
US-3806,KFF-3806
US-3807,KFF-3807
US-3808,KFF-3808
US-3809,KFF-3809
US-3810,KFF-3810
US-3811,KFF-3811
US-3812,KFF-3812
US-3813,KFF-3813
US-3814,KFF-3814
US-3815,KFF-3815
US-3816,KFF-3816
US-3817,KFF-3817
US-3818,KFF-3818
US-3819,KFF-3819
US-3820,KFF-3820
US-3821,KFF-3821
US-3822,KFF-3822
US-3823,KFF-3823
US-3824,KFF-3824
US-3825,KFF-3825
US-3826,KFF-3826
US-3827,KFF-3827
US-3828,KFF-3828
US-3829,KFF-3829
US-3830,KFF-3830
US-3831,KFF-3831
US-3832,KFF-3832
US-3833,KFF-3833
US-3834,KFF-3834
US-3835,KFF-3835
US-3836,KFF-3836
US-3837,KFF-3837
US-3838,KFF-3838
US-3839,KFF-3839
US-3840,KFF-3840
US-3841,KFF-3841
US-3842,KFF-3842
US-3843,KFF-3843
US-3844,KFF-3844
US-3845,KFF-3845
US-3846,KFF-3846
US-3847,KFF-3847
US-3848,KFF-3848
US-3849,KFF-3849
US-3850,KFF-3850
US-3851,KFF-3851
US-3852,KFF-3852
US-3853,KFF-3853
US-3854,KFF-3854
US-3855,KFF-3855
US-3856,KFF-3856
US-3857,KFF-3857
US-3859,KFF-3859
US-3860,KFF-3860
US-3861,KFF-3861
US-3862,KFF-3862
US-3863,KFF-3863
US-3864,KFF-3864
US-3865,KFF-3865
US-3866,KFF-3866
US-3867,KFF-3867
US-3868,KFF-3868
US-3869,KFF-3869
US-3870,KFF-3870
US-3871,KFF-3871
US-3872,KFF-3872
US-3873,KFF-3873
US-3874,KFF-3874
US-3876,KFF-3876
US-3877,KFF-3877
US-3878,KFF-3878
US-3879,KFF-3879
US-3880,KFF-3880
US-3881,KFF-3881
US-3882,KFF-3882
US-3883,KFF-3883
US-3884,KFF-3884
US-3885,KFF-3885
US-3886,KFF-3886
US-3887,KFF-3887
US-3888,KFF-3888
US-3889,KFF-3889
US-3890,KFF-3890
US-3891,KFF-3891
US-3892,KFF-3892
US-3893,KFF-3893
US-3894,KFF-3894
US-3895,KFF-3895
US-3896,KFF-3896
US-3897,KFF-3897
US-3898,KFF-3898
US-3899,KFF-3899
US-3900,KFF-3900
US-3901,KFF-3901
US-3902,KFF-3902
US-3903,KFF-3903
US-3904,KFF-3904
US-3905,KFF-3905
US-3906,KFF-3906
US-3907,KFF-3907
US-3908,KFF-3908
US-3909,KFF-3909
US-3910,KFF-3910
US-3911,KFF-3911
US-3912,KFF-3912
US-3913,KFF-3913
US-3914,KFF-3914
US-3915,KFF-3915
US-3916,KFF-3916
US-3917,KFF-3917
US-3918,KFF-3918
US-3919,KFF-3919
US-3920,KFF-3920
US-3921,KFF-3921
US-3922,KFF-3922
US-3923,KFF-3923
US-3924,KFF-3924
US-3925,KFF-3925
US-3926,KFF-3926
US-3927,KFF-3927
US-3928,KFF-3928
US-3929,KFF-3929
US-3930,KFF-3930
US-3931,KFF-3931
US-3932,KFF-3932
US-3933,KFF-3933
US-3934,KFF-3934
US-3935,KFF-3935
US-3936,KFF-3936
US-3937,KFF-3937
US-3938,KFF-3938
US-3939,KFF-3939
US-3940,KFF-3940
US-3941,KFF-3941
US-3942,KFF-3942
US-3943,KFF-3943
US-3944,KFF-3944
US-3945,KFF-3945
US-3946,KFF-3946
US-3947,KFF-3947
US-3948,KFF-3948
US-3949,KFF-3949
US-3950,KFF-3950
US-3951,KFF-3951
US-3952,KFF-3952
US-3953,KFF-3953
US-3954,KFF-3954
US-3955,KFF-3955
US-3956,KFF-3956
US-3957,KFF-3957
US-3958,KFF-3958
US-3959,KFF-3959
US-3960,KFF-3960
US-3961,KFF-3961
US-3962,KFF-3962
US-3963,KFF-3963
US-3964,KFF-3964
US-3965,KFF-3965
US-3966,KFF-3966
US-3967,KFF-3967
US-3968,KFF-3968
US-3969,KFF-3969
US-3970,KFF-3970
US-3971,KFF-3971
US-3972,KFF-3972
US-3973,KFF-3973
US-3974,KFF-3974
US-3975,KFF-3975
US-3976,KFF-3976
US-3977,KFF-3977
US-3978,KFF-3978
US-3979,KFF-3979
US-3980,KFF-3980
US-3981,KFF-3981
US-3982,KFF-3982
US-3983,KFF-3983
US-3984,KFF-3984
US-3985,KFF-3985
US-3986,KFF-3986
US-3987,KFF-3987
US-3988,KFF-3988
US-3989,KFF-3989
US-3990,KFF-3990
US-3991,KFF-3991
US-3992,KFF-3992
US-3993,KFF-3993
US-3994,KFF-3994
US-3995,KFF-3995
US-3996,KFF-3996
US-3997,KFF-3997
US-3998,KFF-3998
US-3999,KFF-3999
US-4000,KFF-4000
US-4001,KFF-4001
US-4002,KFF-4002
US-4003,KFF-4003
US-4004,KFF-4004
US-4005,KFF-4005
US-4006,KFF-4006
US-4007,KFF-4007
US-4008,KFF-4008
US-4009,KFF-4009
US-4010,KFF-4010
US-4011,KFF-4011
US-4012,KFF-4012
US-4013,KFF-4013
US-4014,KFF-4014
US-4015,KFF-4015
US-4016,KFF-4016
US-4017,KFF-4017
US-4018,KFF-4018
US-4019,KFF-4019
US-4020,KFF-4020
US-4021,KFF-4021
US-4022,KFF-4022
US-4023,KFF-4023
US-4024,KFF-4024
US-4025,KFF-4025
US-4026,KFF-4026
US-4027,KFF-4027
US-4028,KFF-4028
US-4029,KFF-4029
US-4030,KFF-4030
US-4031,KFF-4031
US-4032,KFF-4032
US-4033,KFF-4033
US-4034,KFF-4034
US-4035,KFF-4035
US-4036,KFF-4036
US-4037,KFF-4037
US-4038,KFF-4038
US-4039,KFF-4039
US-4040,KFF-4040
US-4041,KFF-4041
US-4042,KFF-4042
US-4043,KFF-4043
US-4044,KFF-4044
US-4045,KFF-4045
US-4046,KFF-4046
US-4047,KFF-4047
US-4048,KFF-4048
US-4049,KFF-4049
US-4050,KFF-4050
US-4051,KFF-4051
US-4052,KFF-4052
US-4053,KFF-4053
US-4054,KFF-4054
US-4055,KFF-4055
US-4056,KFF-4056
US-4057,KFF-4057
US-4058,KFF-4058
US-4059,KFF-4059
US-4060,KFF-4060
US-4061,KFF-4061
US-4062,KFF-4062
US-4063,KFF-4063
US-4064,KFF-4064
US-4065,KFF-4065
US-4066,KFF-4066
US-4067,KFF-4067
US-4068,KFF-4068
US-4069,KFF-4069
US-4070,KFF-4070
US-4071,KFF-4071
US-4072,KFF-4072
US-4073,KFF-4073
US-4074,KFF-4074
US-4075,KFF-4075
US-4076,KFF-4076
US-4077,KFF-4077
US-4078,KFF-4078
US-4079,KFF-4079
US-4080,KFF-4080
US-4081,KFF-4081
US-4082,KFF-4082
US-4083,KFF-4083
US-4084,KFF-4084
US-4085,KFF-4085
US-4086,KFF-4086
US-4087,KFF-4087
US-4088,KFF-4088
US-4089,KFF-4089
US-4090,KFF-0372 (MN); KFF-4090 (IL); KFF-4236 (WI); KFF-4626 (IA)
US-4091,KFF-4091
US-4092,KFF-4092
US-4093,KFF-4093
US-4094,KFF-4094
US-4095,KFF-4095
US-4096,KFF-4096
US-4097,KFF-4097
US-4098,KFF-4098
US-4099,KFF-4099
US-4100,KFF-4100
US-4101,KFF-4101
US-4102,KFF-4102
US-4103,KFF-4103
US-4104,KFF-4104
US-4105,KFF-4105
US-4106,KFF-4106
US-4107,KFF-4107
US-4108,KFF-4108
US-4109,KFF-4109
US-4110,KFF-4110
US-4111,KFF-4111
US-4112,KFF-4112
US-4113,KFF-4113
US-4114,KFF-4114
US-4115,KFF-4115
US-4116,KFF-4116
US-4117,KFF-4117
US-4118,KFF-4118
US-4119,KFF-4119
US-4120,KFF-4120
US-4121,KFF-4121
US-4122,KFF-4122
US-4123,KFF-4123
US-4124,KFF-4124
US-4125,KFF-4125
US-4126,KFF-4126
US-4127,KFF-4127
US-4128,KFF-4128
US-4129,KFF-4129
US-4130,KFF-4130
US-4131,KFF-4131
US-4132,KFF-4132
US-4133,KFF-4133
US-4134,KFF-4134
US-4135,KFF-4135
US-4136,KFF-4136
US-4137,KFF-4137
US-4138,KFF-4138
US-4139,KFF-4139
US-4140,KFF-4140
US-4141,KFF-4141
US-4142,KFF-4142
US-4143,KFF-4143
US-4144,KFF-4144
US-4145,KFF-4145
US-4146,KFF-4146
US-4147,KFF-4147
US-4148,KFF-4148
US-4149,KFF-4149
US-4150,KFF-4150
US-4151,KFF-4151
US-4152,KFF-4152
US-4153,KFF-4153
US-4154,KFF-4154
US-4155,KFF-4155
US-4156,KFF-4156
US-4157,KFF-4157
US-4158,KFF-4158
US-4159,KFF-4159
US-4160,KFF-4160
US-4161,KFF-4161
US-4162,KFF-4162
US-4163,KFF-4163
US-4164,KFF-4164
US-4165,KFF-4165
US-4166,KFF-4166
US-4167,KFF-4167
US-4168,KFF-4168
US-4169,KFF-4169
US-4170,KFF-4170
US-4171,KFF-4171
US-4172,KFF-4172
US-4173,KFF-4173
US-4174,KFF-4174
US-4175,KFF-4175
US-4176,KFF-4176
US-4177,KFF-4177
US-4178,KFF-4178
US-4179,KFF-4179
US-4180,KFF-4180
US-4181,KFF-4181
US-4182,KFF-4182
US-4183,KFF-4183
US-4184,KFF-4184
US-4185,KFF-4185
US-4186,KFF-4186
US-4187,KFF-4187
US-4188,KFF-4188
US-4189,KFF-4189
US-4190,KFF-4190
US-4191,KFF-4191
US-4192,KFF-4192
US-4193,KFF-4193
US-4194,KFF-4194
US-4195,KFF-4195
US-4196,KFF-4196
US-4197,KFF-4197
US-4198,KFF-4198
US-4199,KFF-4199
US-4200,KFF-4200
US-4201,KFF-4201
US-4202,KFF-4202
US-4203,KFF-4203
US-4204,KFF-4204
US-4205,KFF-4205
US-4206,KFF-4206
US-4207,KFF-4207
US-4208,KFF-4208
US-4209,KFF-4209
US-4210,KFF-4210
US-4211,KFF-4211
US-4212,KFF-4212
US-4213,KFF-4213
US-4214,KFF-4214
US-4215,KFF-4215
US-4216,KFF-4216
US-4217,KFF-4217
US-4218,KFF-4218
US-4219,KFF-4219
US-4220,KFF-4220
US-4221,KFF-4221
US-4222,KFF-4222
US-4223,KFF-4223
US-4224,KFF-4224
US-4225,KFF-4225
US-4226,KFF-4226
US-4227,KFF-4227
US-4228,KFF-4228
US-4229,KFF-4229
US-4230,KFF-4230
US-4231,KFF-4231
US-4232,KFF-4232
US-4233,KFF-4233
US-4234,KFF-4234
US-4235,KFF-4235
US-4236,KFF-0372 (MN); KFF-4090 (IL); KFF-4236 (WI); KFF-4626 (IA)
US-4237,KFF-4237
US-4238,KFF-4238
US-4239,KFF-4239 (WI); KFF-5028 (NY); KFF-5029 (PA); KFF-5030 (OH); KFF-5031 (MI); KFF-5032 (MN); KFF-5033 (ND); KFF-6573 (VT)
US-4240,KFF-4240
US-4241,KFF-4241
US-4242,KFF-4242
US-4243,KFF-4243
US-4244,KFF-4244
US-4245,KFF-4245
US-4246,KFF-4246
US-4247,KFF-4247
US-4248,KFF-4248
US-4249,KFF-4249
US-4250,KFF-4250
US-4251,KFF-4251
US-4252,KFF-4252
US-4253,KFF-4253
US-4254,KFF-4254
US-4255,KFF-4255
US-4256,KFF-4256
US-4257,KFF-4257
US-4258,KFF-4258
US-4259,KFF-4259
US-4260,KFF-4260
US-4261,KFF-4261
US-4262,KFF-4262
US-4263,KFF-4263
US-4264,KFF-4264
US-4265,KFF-4265
US-4266,KFF-4266
US-4267,KFF-4267
US-4268,KFF-4268
US-4269,KFF-4269
US-4270,KFF-4270
US-4271,KFF-4271
US-4272,KFF-4272
US-4273,KFF-4273
US-4274,KFF-4274
US-4275,KFF-4275
US-4276,KFF-4276
US-4277,KFF-4277
US-4278,KFF-4278
US-4279,KFF-4279
US-4280,KFF-4280
US-4281,KFF-4281
US-4282,KFF-4282
US-4283,KFF-4283
US-4284,KFF-4284
US-4285,KFF-4285
US-4286,KFF-4286
US-4287,KFF-4287
US-4288,KFF-4288
US-4289,KFF-4289
US-4290,KFF-4290
US-4291,KFF-4291
US-4292,KFF-4292
US-4293,KFF-4293
US-4294,KFF-4294
US-4295,KFF-4295
US-4296,KFF-4296
US-4297,KFF-4297
US-4298,KFF-4298
US-4299,KFF-4299
US-4300,KFF-4300
US-4301,KFF-4301
US-4302,KFF-4302
US-4303,KFF-4303
US-4304,KFF-4304
US-4305,KFF-4305
US-4306,KFF-4306
US-4307,KFF-4307
US-4308,KFF-4308
US-4309,KFF-4309
US-4310,KFF-4310
US-4311,KFF-4311
US-4312,KFF-4312
US-4313,KFF-4313
US-4314,KFF-4314
US-4315,KFF-4315
US-4316,KFF-4316
US-4317,KFF-4317
US-4318,KFF-4318
US-4319,KFF-4319
US-4320,KFF-4320
US-4321,KFF-4321
US-4322,KFF-4322
US-4323,KFF-4323
US-4324,KFF-4324
US-4325,KFF-4325
US-4326,KFF-4326
US-4327,KFF-4327
US-4328,KFF-4328
US-4329,KFF-4329
US-4330,KFF-4330
US-4331,KFF-4331
US-4332,KFF-4332
US-4333,KFF-4333
US-4334,KFF-4334
US-4335,KFF-4335
US-4336,KFF-4336
US-4337,KFF-4337
US-4338,KFF-4338
US-4339,KFF-4339
US-4340,KFF-4340
US-4341,KFF-4341
US-4342,KFF-4342
US-4343,KFF-4343
US-4344,KFF-4344
US-4345,KFF-4345
US-4346,KFF-4346
US-4347,KFF-4347
US-4348,KFF-4348
US-4349,KFF-4349
US-4350,KFF-4350
US-4351,KFF-4351
US-4352,KFF-4352
US-4353,KFF-4353
US-4354,KFF-4354
US-4355,KFF-4355
US-4356,KFF-4356
US-4357,KFF-4357
US-4358,KFF-4358
US-4359,KFF-4359
US-4360,KFF-4360
US-4361,KFF-4361
US-4362,KFF-4362
US-4363,KFF-4363
US-4364,KFF-4364
US-4365,KFF-4365
US-4366,KFF-4366
US-4367,KFF-4367
US-4368,KFF-4368
US-4369,KFF-4369
US-4370,KFF-4370
US-4371,KFF-4371
US-4372,KFF-4372
US-4373,KFF-4373
US-4374,KFF-4374
US-4377,KFF-4377
US-4378,KFF-4378
US-4379,KFF-4379 (OR); KFF-4646 (OR)
US-4380,KFF-4380
US-4381,KFF-4381
US-4382,KFF-4382
US-4383,KFF-4383 (OR); KFF-4628 (CA); KFF-4629 (OR); KFF-4630 (CA)
US-4384,KFF-4384
US-4385,KFF-4385 (OR); KFF-4597 (WA)
US-4386,KFF-4386
US-4387,KFF-4387 (OR); KFF-4631 (ID); KFF-4632 (OR)
US-4388,KFF-4388
US-4389,KFF-4389
US-4390,KFF-4390
US-4391,KFF-4391 (NV); KFF-4633 (NV); KFF-4634 (CA)
US-4392,KFF-4392
US-4393,KFF-4393
US-4394,KFF-4394 (UT); KFF-4600 (WY)
US-4395,KFF-4395
US-4396,KFF-4396
US-4397,KFF-4397 (UT); KFF-4635 (CO); KFF-4636 (UT)
US-4398,KFF-4398 (UT); KFF-4637 (UT); KFF-4638 (WY); KFF-4639 (UT)
US-4399,KFF-4399
US-4400,KFF-4400
US-4401,KFF-4401
US-4402,KFF-4402
US-4403,KFF-4403 (WY); KFF-4647 (CO)
US-4404,KFF-4404
US-4405,KFF-4405
US-4406,KFF-4406
US-4407,KFF-4407
US-4408,KFF-4408
US-4409,KFF-4409
US-4410,KFF-4410
US-4411,KFF-4411
US-4412,KFF-4412
US-4413,KFF-4413
US-4414,KFF-4414
US-4415,KFF-4415
US-4416,KFF-4416
US-4417,KFF-4417
US-4418,KFF-4418
US-4419,KFF-4419
US-4420,KFF-4420
US-4421,KFF-4421
US-4422,KFF-4422
US-4423,KFF-4423
US-4424,KFF-4424 (AR); KFF-4601 (OK)
US-4425,KFF-4425 (AR); KFF-4648 (AR)
US-4427,KFF-4427 (AZ); KFF-4654 (AZ); KFF-4656 (NM)
US-4428,KFF-4428
US-4429,KFF-4429 (AZ); KFF-4603 (NM)
US-4430,KFF-4430
US-4431,KFF-4431
US-4432,KFF-4432
US-4433,KFF-4433
US-4434,KFF-4434
US-4435,KFF-4435
US-4436,KFF-4436
US-4437,KFF-4437
US-4438,KFF-4438
US-4440,KFF-4440
US-4441,KFF-4441
US-4442,KFF-4442
US-4443,KFF-4443
US-4444,KFF-4444
US-4445,KFF-4445
US-4446,KFF-4446
US-4447,KFF-4457
US-4448,KFF-4458
US-4449,KFF-4502
US-4450,KFF-4503
US-4451,KFF-4504
US-4452,KFF-4501
US-4453,KFF-4480
US-4454,KFF-4481
US-4455,KFF-4482
US-4456,KFF-4483 (CA); KFF-4609 (NV)
US-4457,KFF-4484 (CA); KFF-4610 (OR)
US-4458,KFF-4485 (CA); KFF-4611 (NV)
US-4459,KFF-4486
US-4460,KFF-4487
US-4461,KFF-4488
US-4462,KFF-4489
US-4463,KFF-4490
US-4464,KFF-4491
US-4465,KFF-4492
US-4466,KFF-4493
US-4467,KFF-4494
US-4468,KFF-4495
US-4469,KFF-4496
US-4470,KFF-4498
US-4471,KFF-4500
US-4472,KFF-4499
US-4473,KFF-4506
US-4474,KFF-4465
US-4475,KFF-4466 (ID); KFF-4644 (ID); KFF-4642 (UT); KFF-4643 (WY); KFF-4475 (WY)
US-4476,KFF-4467
US-4477,KFF-4468 (ID); KFF-4469 (ID); KFF-4470 (ID); KFF-4607 (MT); KFF-4608 (WA)
US-4478,KFF-4471
US-4479,KFF-4472
US-4480,KFF-4473 (ID); KFF-4653 (ID)
US-4481,KFF-4474 (ID); KFF-4619 (UT)
US-4482,KFF-4517
US-4483,KFF-4518
US-4484,KFF-4511
US-4486,KFF-4577
US-4487,KFF-4523
US-4488,KFF-4524
US-4489,KFF-4526
US-4490,KFF-4529
US-4491,KFF-4530
US-4492,KFF-4532
US-4493,KFF-4533
US-4494,KFF-4535
US-4495,KFF-4534
US-4496,KFF-4536
US-4497,KFF-4537
US-4498,KFF-4538
US-4499,KFF-4454 (Beaverhead); KFF-4651 (Deerlodge)
US-4500,KFF-4455 (MT); KFF-4605 (ID)
US-4501,KFF-4456 (MT); KFF-4640 (SD)
US-4502,KFF-4459
US-4503,KFF-4641
US-4504,KFF-4460
US-4505,KFF-4461 (MT); KFF-4606 (ID)
US-4506,KFF-4462
US-4507,KFF-4463
US-4508,KFF-4515
US-4509,KFF-4512
US-4510,KFF-4513
US-4511,KFF-4514
US-4512,KFF-4522 (NH); KFF-4614 (ME)
US-4513,KFF-4475
US-4514,KFF-4476
US-4515,KFF-4477
US-4516,KFF-4478
US-4517,KFF-4479
US-4518,KFF-4497
US-4519,KFF-4541
US-4521,KFF-4527
US-4522,KFF-4507
US-4523,KFF-4508
US-4524,KFF-4531 (SD); KFF-4604 (WY)
US-4525,KFF-4516 (TN); KFF-4612 (NC); KFF-4613 (VA)
US-4526,KFF-4509 (VA); KFF-6297 (WV); KFF-4510 (VA); KFF-6295 (KY); KFF-6296 (WV)
US-4527,KFF-4521
US-4528,KFF-4450
US-4529,KFF-4451
US-4530,KFF-4452 (Mount Baker); KFF-4650 (Snoqualmie)
US-4531,KFF-4464 (Okanogan); KFF-4652 (Wenatchee)
US-4532,KFF-4453
US-4533,KFF-4519 (Chequamegon); KFF-4520 (Nicolet)
US-4534,KFF-4447
US-4535,KFF-4448 (Bridger); KFF-4649 (Teton)
US-4536,KFF-4449
US-4537,KFF-5145
US-4538,KFF-5146
US-4539,KFF-5131
US-4540,KFF-5132
US-4541,KFF-5133
US-4542,KFF-5134
US-4543,KFF-5135
US-4544,KFF-5149
US-4545,KFF-5136
US-4546,KFF-5137
US-4548,KFF-5138
US-4549,KFF-5139
US-4550,KFF-5140
US-4551,KFF-5141
US-4552,KFF-5142
US-4553,KFF-5143
US-4555,KFF-5150
US-4556,KFF-5014 (GA); KFF-5015 (NC); KFF-5016 (TN); KFF-5017 (VA); KFF-5018 (WV); KFF-5019 (MD); KFF-5020 (PA); KFF-5021 (NJ); KFF-5022 (NY); KFF-5023 (CT); KFF-5024 (MA); KFF-5025 (VT); KFF-5026 (NH); KFF-5027 (ME)
US-4557,KFF-5041
US-4558,KFF-5047 (MT); KFF-5048 (ID); KFF-5049 (WY); KFF-5050 (CO); KFF-5051 (NM)
US-4559,KFF-5052
US-4560,KFF-6602 (AL); KFF-6604 (MS); KFF-6603 (TN)
US-4561,KFF-5039 (CT); KFF-5040 (MA)
US-4562,KFF-5036 (WA); KFF-5042 (OR); KFF-5043 (CA)
US-4563,KFF-5044 (MT); KFF-5045 (ID); KFF-5046 (WA)
US-4564,KFF-5034 (DC); KFF-5035 (MD); KFF-5037 (PA); KFF-5038 (VA)
US-4583,KFF-4525
US-4586,KFF-6049
US-4588,KFF-4544
US-4589,KFF-4542
US-4590,KFF-4543
US-4601,KFF-4731
US-4603,KFF-4733
US-4605,KFF-4735
US-4606,KFF-4736
US-4607,KFF-4737
US-4608,KFF-4738
US-4612,KFF-5156
US-4613,KFF-5157
US-4614,KFF-5158
US-4615,KFF-5159
US-4616,KFF-5160
US-4617,KFF-5161
US-4619,KFF-5162
US-4620,KFF-5163
US-4621,KFF-5164
US-4622,KFF-5165
US-4623,KFF-5166
US-4624,KFF-5167
US-4625,KFF-5168
US-4626,KFF-5169
US-4627,KFF-5170
US-4628,KFF-5171
US-4629,KFF-5172
US-4630,KFF-5173
US-4631,KFF-5174
US-4632,KFF-5175
US-4633,KFF-5177
US-4634,KFF-5179
US-4635,KFF-5180
US-4636,KFF-5182
US-4637,KFF-5183
US-4638,KFF-5184
US-4639,KFF-5185
US-4640,KFF-5186
US-4641,KFF-5187
US-4642,KFF-5188
US-4643,KFF-5189
US-4644,KFF-5190
US-4645,KFF-5191
US-4646,KFF-5192
US-4647,KFF-6048
US-4648,KFF-6040
US-4650,KFF-6041
US-4651,KFF-6042
US-4652,KFF-6043
US-4653,KFF-6044
US-4659,KFF-6550
US-4661,KFF-6551
US-4662,KFF-6552
US-4664,KFF-6553
US-4688,KFF-5865
US-4689,KFF-5866
US-4692,KFF-5867
US-4693,KFF-5869
US-4695,KFF-5737
US-4696,KFF-5730
US-4697,KFF-5745
US-4698,KFF-5722
US-4700,KFF-5736
US-4701,KFF-5717
US-4702,KFF-5719
US-4703,KFF-5725
US-4704,KFF-5721
US-4705,KFF-5713
US-4706,KFF-5743
US-4707,KFF-5747
US-4709,KFF-5735
US-4711,KFF-5712
US-4712,KFF-5748
US-4713,KFF-5746
US-4714,KFF-5715
US-4717,KFF-5738
US-4718,KFF-5731
US-4719,KFF-5740
US-4721,KFF-5754
US-4722,KFF-5724
US-4724,KFF-5716
US-4726,KFF-5714
US-4727,KFF-5741
US-4729,KFF-5720
US-4732,KFF-5728
US-4733,KFF-5753
US-4734,KFF-5749
US-4736,KFF-5750
US-4737,KFF-6255
US-4738,KFF-5727
US-4743,KFF-5744
US-4744,KFF-5718
US-4745,KFF-5739
US-4746,KFF-5726
US-4747,KFF-5732
US-4749,KFF-5729
US-4752,KFF-5751
US-4755,KFF-5752
US-4756,KFF-5734
US-4757,KFF-5723
US-4758,KFF-5733
US-4763,KFF-4773
US-4764,KFF-4771
US-4765,KFF-4768
US-4766,KFF-4769
US-4767,KFF-4778
US-4768,KFF-4767
US-4769,KFF-4776
US-4770,KFF-4770
US-4771,KFF-4775
US-4780,KFF-5465
US-4781,KFF-5466
US-4782,KFF-5467
US-4783,KFF-5468
US-4784,KFF-5469
US-4785,KFF-5470
US-4786,KFF-5471
US-4787,KFF-5472
US-4788,KFF-5473
US-4789,KFF-5474
US-4790,KFF-5476
US-4791,KFF-5477
US-4792,KFF-5478
US-4793,KFF-5479
US-4794,KFF-5480
US-4795,KFF-5481
US-4796,KFF-5482
US-4797,KFF-5483
US-4798,KFF-5484
US-4799,KFF-5485
US-4800,KFF-5486
US-4801,KFF-5487
US-4802,KFF-5488
US-4803,KFF-5489
US-4804,KFF-5490
US-4805,KFF-5491
US-4806,KFF-5492
US-4807,KFF-5493
US-4808,KFF-5494
US-4809,KFF-5495
US-4810,KFF-5496
US-4811,KFF-5497
US-4812,KFF-5498
US-4813,KFF-5499
US-4814,KFF-5500
US-4815,KFF-5501
US-4816,KFF-5502
US-4817,KFF-5503
US-4818,KFF-5504
US-4819,KFF-5505
US-4820,KFF-5506
US-4821,KFF-5507
US-4822,KFF-5508
US-4823,KFF-5509
US-4824,KFF-5510
US-4825,KFF-5511
US-4826,KFF-5512
US-4827,KFF-5513
US-4828,KFF-5514
US-4829,KFF-5515
US-4830,KFF-5516
US-4831,KFF-5517
US-4832,KFF-5518
US-4833,KFF-5519
US-4834,KFF-5520
US-4835,KFF-5521
US-4836,KFF-5522
US-4837,KFF-5523
US-4838,KFF-6300
US-4839,KFF-6421
US-4840,KFF-6301
US-4842,KFF-6417
US-4843,KFF-6420
US-4852,KFF-4791
US-4853,KFF-4784
US-4854,KFF-4792
US-4855,KFF-4793
US-4856,KFF-4785
US-4857,KFF-4786
US-4858,KFF-4787
US-4859,KFF-4788
US-4860,KFF-4789
US-4861,KFF-4790
US-4868,KFF-5199
US-4874,KFF-5200
US-4877,KFF-5201
US-4881,KFF-5201
US-4886,KFF-5203
US-4889,KFF-5204
US-4899,KFF-5205
US-4903,KFF-5206
US-4905,KFF-5207
US-4912,KFF-5208
US-4914,KFF-5209
US-4915,KFF-5210
US-4918,KFF-5211
US-4927,KFF-5212
US-4930,KFF-5213
US-4931,KFF-5214
US-4933,KFF-5215
US-4934,KFF-5116
US-4936,KFF-5217
US-4938,KFF-5218
US-4944,KFF-5219
US-4948,KFF-5220
US-4953,KFF-5221
US-4958,KFF-5222
US-4975,KFF-5223
US-4981,KFF-5224
US-4991,KFF-4755
US-4992,KFF-4756
US-4993,KFF-4757
US-4994,KFF-4758
US-4995,KFF-4759
US-4996,KFF-4760
US-4997,KFF-4761
US-4998,KFF-4762
US-4999,KFF-4763
US-5000,KFF-4764
US-5001,KFF-4765
US-5064,KFF-5372
US-5213,KFF-5373
US-5293,KFF-5374
US-5315,KFF-5993
US-5330,KFF-6714
US-5357,KFF-5375
US-5435,KFF-4987
US-5436,KFF-4988
US-5437,KFF-4989
US-5438,KFF-4990
US-5439,KFF-4991
US-5440,KFF-4992
US-5441,KFF-4993
US-5442,KFF-4994
US-5443,KFF-4995
US-5444,KFF-4996
US-5445,KFF-4997
US-5446,KFF-4998
US-5447,KFF-4999
US-5448,KFF-5000
US-5449,KFF-5001
US-5450,KFF-5002
US-5451,KFF-5003
US-5452,KFF-5004
US-5453,KFF-5005
US-5454,KFF-5006
US-5455,KFF-5007
US-5462,KFF-4895
US-5463,KFF-4896
US-5464,KFF-4897
US-5465,KFF-4898
US-5466,KFF-4899
US-5467,KFF-4900
US-5468,KFF-4901
US-5469,KFF-4902
US-5470,KFF-4903
US-5471,KFF-4904
US-5472,KFF-4905
US-5473,KFF-4906
US-5474,KFF-4907
US-5475,KFF-4908
US-5476,KFF-4909
US-5477,KFF-4910
US-5478,KFF-4911
US-5479,KFF-4912
US-5480,KFF-4913
US-5481,KFF-4914
US-5485,KFF-4779
US-5486,KFF-4780
US-5487,KFF-4781
US-5488,KFF-4782
US-5489,KFF-4783
US-5503,KFF-4844
US-5504,KFF-4845
US-5505,KFF-4846
US-5506,KFF-4847
US-5507,KFF-4848
US-5509,KFF-4849
US-5510,KFF-4850
US-5511,KFF-4851
US-5512,KFF-4852
US-5513,KFF-6716
US-5514,KFF-4854
US-5515,KFF-4855
US-5516,KFF-4856
US-5517,KFF-4857
US-5518,KFF-4858
US-5519,KFF-4859
US-5521,KFF-4861
US-5522,KFF-4862
US-5523,KFF-4863
US-5524,KFF-6704
US-5525,KFF-4864
US-5526,KFF-4865
US-5582,KFF-4979
US-5583,KFF-4980
US-5584,KFF-4981
US-5585,KFF-4982
US-5586,KFF-4983
US-5587,KFF-4984
US-5588,KFF-4985
US-5589,KFF-4986
US-5597,KFF-5859
US-5602,KFF-5860
US-5611,KFF-5861
US-5618,KFF-5862
US-5623,KFF-4753
US-5633,KFF-6090
US-5634,KFF-4746
US-5635,KFF-6257
US-5637,KFF-6419
US-5638,KFF-6418
US-5641,KFF-4620
US-5644,KFF-4667
US-5645,KFF-4699
US-5670,KFF-6722
US-5683,KFF-4208
US-5685,KFF-4163
US-5691,KFF-4164
US-5693,KFF-4163
US-5696,KFF-6303
US-5697,KFF-6306
US-5698,KFF-6314
US-5699,KFF-5769
US-5700,KFF-6348
US-5701,KFF-6343
US-5703,KFF-5705
US-5704,KFF-6356
US-5705,KFF-6357
US-5706,KFF-6365
US-5707,KFF-6367
US-5708,KFF-6381
US-5709,KFF-6383
US-5710,KFF-6391
US-5711,KFF-6392
US-5712,KFF-6423
US-5717,KFF-4713
US-5718,KFF-5198
US-5719,KFF-5622
US-5720,KFF-6293
US-5721,KFF-5623
US-5722,KFF-6291
US-5723,KFF-5624
US-5724,KFF-6292
US-5725,KFF-6290
US-5726,KFF-5625
US-5727,KFF-5626
US-5728,KFF-5627
US-5756,KFF-4714
US-5757,KFF-4967
US-5779,KFF-4727
US-5793,KFF-4730
US-5828,KFF-6012
US-5843,KFF-6014
US-5847,KFF-6029
US-5856,KFF-6016
US-5857,KFF-6028
US-5858,KFF-6019
US-5862,KFF-5761
US-5864,KFF-6005
US-5867,KFF-5760
US-5868,KFF-4729
US-5877,KFF-4719
US-5885,KFF-5758
US-5888,KFF-5756
US-5890,KFF-6017
US-5891,KFF-5757
US-5896,KFF-5759
US-5902,KFF-6015
US-5921,KFF-6424
US-5922,KFF-6847
US-5930,KFF-4718
US-5934,KFF-6007
US-5936,KFF-4399
US-5938,KFF-6023
US-5939,KFF-4399
US-5941,KFF-6020
US-5942,KFF-6022
US-5943,KFF-6018
US-5944,KFF-6030
US-5948,KFF-6021
US-5955,KFF-4720
US-5961,KFF-6024 (AZ); KFF-6025 (UT)
US-5963,KFF-6031
US-5967,KFF-4725
US-5968,KFF-4723
US-5971,KFF-4722
US-5973,KFF-4726
US-5990,KFF-4721
US-5991,KFF-4715
US-5994,KFF-6013
US-5998,KFF-4728
US-6009,KFF-4724
US-6017,KFF-6009
US-6018,KFF-6008
US-6035,KFF-6032
US-6037,KFF-6006
US-6063,KFF-4968
US-6065,KFF-6011
US-6066,KFF-6026
US-6069,KFF-6010
US-6077,KFF-4968
US-6088,KFF-6027
US-6090,KFF-6003 (AZ); KFF-6004 (UT)
US-6096,KFF-4966
US-6116,KFF-4584
US-6161,KFF-5923
US-6165,KFF-5926
US-6198,KFF-5925
US-6204,KFF-5924
US-6210,KFF-6899
US-6213,KFF-5927
US-6224,KFF-4545
US-6226,KFF-5893
US-6281,KFF-5362
US-6282,KFF-5176
US-6283,KFF-5181
US-6284,KFF-5363
US-6285,KFF-5178
US-6286,KFF-5227
US-6287,KFF-5228
US-6288,KFF-5229
US-6289,KFF-5230
US-6290,KFF-5232
US-6291,KFF-5233
US-6292,KFF-5234
US-6293,KFF-5235
US-6294,KFF-5236
US-6295,KFF-5237
US-6296,KFF-5238
US-6297,KFF-5239
US-6298,KFF-5240
US-6299,KFF-5241
US-6300,KFF-5242
US-6301,KFF-5243
US-6302,KFF-5244
US-6303,KFF-5245
US-6304,KFF-5246
US-6305,KFF-5247
US-6306,KFF-5248
US-6307,KFF-5249
US-6308,KFF-5250
US-6309,KFF-5251
US-6310,KFF-5252
US-6311,KFF-5253
US-6312,KFF-5254
US-6313,KFF-5255
US-6314,KFF-5256
US-6315,KFF-5257
US-6316,KFF-5258
US-6317,KFF-5259
US-6318,KFF-5260
US-6319,KFF-5261
US-6320,KFF-5262
US-6321,KFF-5263
US-6322,KFF-5264
US-6323,KFF-5265
US-6324,KFF-5266
US-6325,KFF-5267
US-6326,KFF-5268
US-6327,KFF-5269
US-6328,KFF-5270
US-6329,KFF-5271
US-6330,KFF-5272
US-6331,KFF-5273
US-6333,KFF-4807
US-6334,KFF-4795
US-6339,KFF-4794
US-6340,KFF-4796
US-6341,KFF-4797
US-6342,KFF-4798
US-6343,KFF-4799
US-6344,KFF-4800
US-6345,KFF-4801
US-6346,KFF-4802
US-6347,KFF-4803
US-6348,KFF-4804
US-6349,KFF-4805
US-6350,KFF-4806
US-6351,KFF-4808
US-6352,KFF-4809
US-6353,KFF-4810
US-6354,KFF-4811
US-6355,KFF-4812
US-6356,KFF-4813
US-6357,KFF-4814
US-6358,KFF-4815
US-6359,KFF-4816
US-6360,KFF-4817
US-6361,KFF-4818
US-6362,KFF-4819
US-6363,KFF-4820
US-6364,KFF-4821
US-6365,KFF-4822
US-6366,KFF-4823
US-6367,KFF-4824
US-6368,KFF-4825
US-6369,KFF-4826
US-6370,KFF-4827
US-6371,KFF-4828
US-6372,KFF-4829
US-6373,KFF-4830
US-6374,KFF-4831
US-6375,KFF-4832
US-6376,KFF-4833
US-6377,KFF-4835
US-6378,KFF-4834
US-6379,KFF-4836
US-6380,KFF-4837
US-6381,KFF-5569
US-6382,KFF-5009
US-6383,KFF-5010
US-6384,KFF-4766
US-6385,KFF-5008
US-6386,KFF-5536
US-6387,KFF-5537
US-6390,KFF-5012
US-6391,KFF-5538
US-6392,KFF-5539
US-6393,KFF-5534
US-6394,KFF-5011
US-6395,KFF-5540
US-6396,KFF-5533
US-6397,KFF-5013
US-6398,KFF-5541
US-6399,KFF-5542
US-6400,KFF-5535
US-6435,KFF-6840
US-6444,KFF-6705
US-6447,KFF-4747
US-6448,KFF-4745
US-6449,KFF-4744
US-6450,KFF-4743
US-6451,KFF-4742
US-6452,KFF-4741
US-6453,KFF-4740
US-6454,KFF-4739
US-6461,KFF-5293
US-6463,KFF-5366
US-6464,KFF-5364
US-6465,KFF-5367
US-6466,KFF-5365
US-6467,KFF-5311
US-6470,KFF-6323
US-6475,KFF-6358
US-6476,KFF-6328
US-6477,KFF-6302
US-6478,KFF-6371
US-6479,KFF-6331
US-6480,KFF-6351
US-6481,KFF-6350
US-6482,KFF-6402
US-6483,KFF-6360
US-6484,KFF-6361
US-6486,KFF-6309
US-6487,KFF-6304
US-6488,KFF-6336
US-6489,KFF-5777
US-6490,KFF-6298
US-6491,KFF-6388
US-6492,KFF-5782
US-6493,KFF-6346
US-6494,KFF-6327
US-6495,KFF-6363
US-6496,KFF-6385
US-6497,KFF-6329
US-6498,KFF-6332
US-6499,KFF-6355
US-6500,KFF-6377
US-6502,KFF-6326
US-6503,KFF-6369
US-6504,KFF-6378
US-6505,KFF-6374
US-6506,KFF-6412
US-6507,KFF-6395
US-6509,KFF-6387
US-6510,KFF-6317
US-6511,KFF-6398
US-6512,KFF-5778
US-6513,KFF-6393
US-6514,KFF-6310
US-6515,KFF-6316
US-6516,KFF-6370
US-6517,KFF-6333
US-6518,KFF-6340
US-6519,KFF-6394
US-6520,KFF-6349
US-6521,KFF-6405
US-6522,KFF-6339
US-6523,KFF-6409
US-6524,KFF-6337
US-6525,KFF-6311
US-6526,KFF-6399
US-6528,KFF-6362
US-6530,KFF-6404
US-6531,KFF-5708
US-6533,KFF-4869
US-6534,KFF-5543
US-6535,KFF-4870
US-6537,KFF-4871
US-6539,KFF-5544
US-6540,KFF-4872
US-6542,KFF-4873
US-6548,KFF-4874
US-6550,KFF-4875
US-6554,KFF-4876
US-6562,KFF-4877
US-6563,KFF-4878
US-6564,KFF-4879
US-6565,KFF-4880
US-6566,KFF-5545
US-6567,KFF-4881
US-6568,KFF-5905
US-6569,KFF-4882
US-6571,KFF-5546
US-6572,KFF-5546
US-6574,KFF-4883
US-6576,KFF-4884
US-6578,KFF-4885
US-6579,KFF-4886
US-6580,KFF-5547
US-6584,KFF-4887
US-6585,KFF-5548
US-6586,KFF-5549
US-6589,KFF-5550
US-6590,KFF-4888
US-6591,KFF-4889
US-6596,KFF-4890
US-6597,KFF-5903 (NM); KFF-5904 (TX)
US-6603,KFF-4891
US-6605,KFF-5552
US-6610,KFF-5907
US-6611,KFF-4892
US-6615,KFF-5053
US-6617,KFF-5054
US-6620,KFF-5055
US-6621,KFF-5056
US-6623,KFF-5057
US-6624,KFF-5928
US-6625,KFF-6425
US-6629,KFF-5058
US-6630,KFF-6434
US-6632,KFF-6435
US-6640,KFF-5929
US-6641,KFF-5930
US-6643,KFF-6426
US-6647,KFF-5931
US-6648,KFF-5948
US-6652,KFF-5932
US-6655,KFF-5933
US-6657,KFF-5059
US-6659,KFF-6436
US-6660,KFF-6437
US-6662,KFF-5934
US-6666,KFF-5196
US-6669,KFF-5384
US-6673,KFF-5060
US-6679,KFF-6427
US-6680,KFF-5935
US-6683,KFF-5936
US-6688,KFF-5387
US-6691,KFF-5938
US-6694,KFF-5061
US-6699,KFF-6438
US-6701,KFF-5062
US-6709,KFF-5063
US-6710,KFF-6428
US-6713,KFF-5193
US-6719,KFF-5064
US-6726,KFF-5194
US-6730,KFF-5065
US-6732,KFF-6439
US-6733,KFF-5066
US-6735,KFF-5396
US-6736,KFF-5067
US-6737,KFF-5939
US-6739,KFF-5068
US-6741,KFF-5069
US-6750,KFF-5940
US-6751,KFF-6429
US-6752,KFF-5941
US-6755,KFF-6430
US-6757,KFF-6431
US-6760,KFF-5949
US-6761,KFF-5070
US-6762,KFF-5071
US-6763,KFF-6440
US-6764,KFF-5401
US-6767,KFF-5942
US-6770,KFF-5072
US-6775,KFF-6441
US-6776,KFF-5943
US-6777,KFF-5944
US-6778,KFF-6432
US-6780,KFF-5195
US-6782,KFF-5073
US-6784,KFF-6433
US-6787,KFF-5074
US-6791,KFF-5945
US-6793,KFF-5075
US-6797,KFF-5946
US-6798,KFF-6442
US-6799,KFF-5076
US-6802,KFF-5077
US-6857,KFF-5331
US-6859,KFF-5335
US-6860,KFF-5692
US-6862,KFF-6819
US-6863,KFF-5337
US-6865,KFF-5345
US-6866,KFF-5347
US-6867,KFF-5350
US-6869,KFF-5354
US-6870,KFF-6821
US-6871,KFF-6822
US-6873,KFF-6824
US-6874,KFF-5359
US-6877,KFF-4915
US-6878,KFF-4916
US-6879,KFF-4917
US-6880,KFF-5274
US-6881,KFF-5275
US-6882,KFF-6265
US-6883,KFF-6266
US-6884,KFF-6613
US-6885,KFF-4918
US-6886,KFF-4919
US-6887,KFF-6614
US-6888,KFF-4920
US-6889,KFF-6267
US-6890,KFF-4921
US-6891,KFF-4922
US-6892,KFF-5276
US-6894,KFF-4923
US-6895,KFF-5277
US-6896,KFF-4924
US-6897,KFF-6268
US-6899,KFF-6269
US-6900,KFF-4926
US-6901,KFF-5278
US-6902,KFF-6270
US-6903,KFF-6271
US-6904,KFF-4927
US-6905,KFF-4928
US-6906,KFF-4929
US-6907,KFF-4930
US-6908,KFF-4931
US-6909,KFF-4932
US-6910,KFF-6272
US-6911,KFF-6615
US-6912,KFF-4933
US-6913,KFF-5279
US-6914,KFF-6273
US-6915,KFF-4934
US-6916,KFF-4935
US-6917,KFF-4936
US-6918,KFF-6274
US-6919,KFF-6275
US-6920,KFF-6276
US-6921,KFF-6277
US-6923,KFF-6278
US-6924,KFF-4937
US-6925,KFF-4938
US-6926,KFF-5280
US-6927,KFF-4939
US-6928,KFF-5281
US-6929,KFF-5282
US-6930,KFF-6279
US-6931,KFF-6280
US-6932,KFF-4940
US-6933,KFF-5283
US-6934,KFF-5284
US-6935,KFF-6281
US-6937,KFF-6282
US-6938,KFF-5285
US-6940,KFF-4925
US-6941,KFF-5286
US-6942,KFF-6618
US-6944,KFF-5287
US-6945,KFF-6619
US-6946,KFF-6620
US-6947,KFF-4941
US-6948,KFF-6283
US-6949,KFF-5288
US-6950,KFF-6284
US-6951,KFF-4942
US-6952,KFF-4943
US-6953,KFF-5289
US-6954,KFF-4944
US-6955,KFF-6285
US-6956,KFF-6622
US-6957,KFF-6286
US-6958,KFF-4945
US-6959,KFF-4946
US-6960,KFF-4947
US-6961,KFF-4948
US-6962,KFF-4949
US-6963,KFF-6287
US-6964,KFF-5290
US-6965,KFF-5291
US-6966,KFF-5292
US-6967,KFF-6288
US-6987,KFF-6844
US-6996,KFF-5660
US-6998,KFF-5663
US-7000,KFF-5667
US-7002,KFF-5671
US-7005,KFF-5676
US-7007,KFF-5682
US-7010,KFF-5651
US-7013,KFF-5675
US-7015,KFF-5680
US-7016,KFF-5681
US-7021,KFF-5654
US-7023,KFF-5659
US-7024,KFF-5665
US-7026,KFF-5669
US-7029,KFF-5683
US-7030,KFF-5684
US-7031,KFF-5685
US-7033,KFF-5689
US-7034,KFF-5653
US-7036,KFF-5656
US-7037,KFF-5658
US-7039,KFF-5673
US-7041,KFF-5677
US-7042,KFF-5678
US-7044,KFF-5688
US-7045,KFF-5652
US-7046,KFF-5655
US-7047,KFF-5657
US-7048,KFF-5662
US-7049,KFF-5664
US-7052,KFF-5670
US-7053,KFF-5672
US-7055,KFF-5674
US-7059,KFF-5666
US-7060,KFF-5668
US-7062,KFF-5679
US-7066,KFF-5686
US-7069,KFF-4985
US-7135,KFF-6050
US-7136,KFF-6083
US-7137,KFF-6062
US-7138,KFF-6057
US-7141,KFF-6059
US-7142,KFF-6077
US-7144,KFF-5368
US-7145,KFF-5369
US-7146,KFF-5370
US-7147,KFF-5475
US-7148,KFF-6828
US-7149,KFF-4551
US-7171,KFF-5464
US-7174,KFF-5454
US-7184,KFF-5107
US-7256,KFF-4552
US-7261,KFF-5080
US-7262,KFF-5081
US-7263,KFF-5452
US-7264,KFF-5082
US-7265,KFF-5083
US-7266,KFF-5085
US-7271,KFF-5086
US-7272,KFF-5087
US-7276,KFF-5088
US-7278,KFF-5453
US-7280,KFF-5090
US-7283,KFF-5092
US-7285,KFF-5094
US-7286,KFF-5095
US-7288,KFF-5097
US-7290,KFF-5098
US-7291,KFF-5099
US-7292,KFF-5455
US-7294,KFF-5101
US-7295,KFF-5456
US-7296,KFF-5102
US-7299,KFF-5103
US-7300,KFF-5104
US-7303,KFF-5458
US-7304,KFF-5105
US-7305,KFF-5106
US-7306,KFF-5108
US-7307,KFF-5109
US-7309,KFF-5459
US-7310,KFF-5110
US-7314,KFF-5112
US-7315,KFF-5113
US-7316,KFF-5114
US-7317,KFF-5115
US-7319,KFF-5116
US-7320,KFF-5460
US-7324,KFF-5117
US-7325,KFF-5120
US-7326,KFF-5461
US-7328,KFF-5122
US-7331,KFF-5463
US-7332,KFF-5125
US-7333,KFF-5126
US-7335,KFF-5127
US-7338,KFF-5089
US-7342,KFF-5100
US-7347,KFF-5457
US-7349,KFF-5111
US-7355,KFF-5462
US-7356,KFF-6039
US-7357,KFF-5123
US-7358,KFF-5124
US-7360,KFF-4550
US-7363,KFF-4960
US-7365,KFF-5858
US-7369,KFF-6744
US-7376,KFF-5078
US-7377,KFF-4950
US-7378,KFF-4951
US-7379,KFF-4956
US-7380,KFF-5129
US-7381,KFF-4954
US-7440,KFF-5084
US-7446,KFF-6060
US-7447,KFF-6055
US-7448,KFF-6071
US-7449,KFF-6052
US-7450,KFF-6085
US-7451,KFF-6082
US-7452,KFF-6078
US-7453,KFF-6046
US-7454,KFF-6072
US-7455,KFF-6069
US-7474,KFF-4627
US-7475,KFF-6731
US-7476,KFF-4528
US-7477,KFF-4562
US-7478,KFF-4574
US-7479,KFF-4563
US-7480,KFF-4575
US-7481,KFF-5483 (Rita Blanca); KFF-4582 (TX); KFF-4583 (OK)
US-7482,KFF-4576
US-7483,KFF-4581
US-7484,KFF-4566
US-7485,KFF-4569
US-7486,KFF-4573
US-7487,KFF-4578
US-7488,KFF-4579
US-7489,KFF-4580
US-7490,KFF-4584
US-7491,KFF-4574
US-7496,KFF-5774
US-7497,KFF-5775
US-7498,KFF-5773
US-7502,KFF-6307
US-7503,KFF-6324
US-7504,KFF-5298
US-7505,KFF-5295
US-7507,KFF-5296
US-7508,KFF-6845
US-7512,KFF-6308
US-7513,KFF-6312
US-7514,KFF-6375
US-7515,KFF-6679
US-7516,KFF-6693
US-7517,KFF-6403
US-7521,KFF-6315
US-7523,KFF-5091
US-7527,KFF-5197
US-7530,KFF-5333
US-7531,KFF-5334
US-7534,KFF-5342
US-7536,KFF-5343
US-7537,KFF-5344
US-7538,KFF-5346
US-7539,KFF-6820
US-7541,KFF-5357
US-7545,KFF-6825
US-7546,KFF-5360
US-7548,KFF-5351
US-7586,KFF-6410
US-7636,KFF-6850
US-7645,KFF-5628
US-7646,KFF-5617
US-7647,KFF-5620
US-7648,KFF-5616
US-7649,KFF-5618
US-7650,KFF-6289
US-7653,KFF-5619
US-7654,KFF-6352
US-7655,KFF-6422
US-7659,KFF-6354
US-7660,KFF-6342
US-7661,KFF-6334
US-7663,KFF-5704
US-7664,KFF-5705
US-7665,KFF-5706
US-7668,KFF-6299
US-7669,KFF-6341
US-7679,KFF-6379
US-7680,KFF-5781
US-7681,KFF-5783
US-7687,KFF-5563
US-7709,KFF-5093
US-7713,KFF-5079
US-7724,KFF-6579
US-7725,KFF-5866
US-7726,KFF-6586
US-7727,KFF-6496
US-7728,KFF-6588
US-7729,KFF-6590
US-7730,KFF-5870
US-7731,KFF-5525
US-7732,KFF-5875
US-7733,KFF-6598
US-7735,KFF-5529
US-7736,KFF-4839
US-7737,KFF-5531
US-7738,KFF-5528
US-7739,KFF-4841
US-7740,KFF-4838
US-7741,KFF-5526
US-7742,KFF-6591
US-7743,KFF-6592
US-7744,KFF-6593
US-7745,KFF-6594
US-7746,KFF-5869
US-7748,KFF-5532
US-7749,KFF-6500
US-7750,KFF-5530
US-7751,KFF-6599
US-7752,KFF-5876
US-7753,KFF-6600
US-7754,KFF-6581
US-7755,KFF-5867
US-7756,KFF-6582
US-7757,KFF-6583
US-7758,KFF-5524
US-7760,KFF-5874
US-7761,KFF-6498
US-7762,KFF-6501
US-7763,KFF-6502
US-7765,KFF-6495
US-7766,KFF-6584
US-7767,KFF-4839
US-7768,KFF-5868
US-7769,KFF-6589
US-7770,KFF-4842
US-7771,KFF-5872
US-7772,KFF-6595
US-7773,KFF-6596
US-7774,KFF-5527
US-7775,KFF-4843
US-7777,KFF-6585
US-7778,KFF-6497
US-7779,KFF-6499
US-7780,KFF-6597
US-7781,KFF-6601
US-7783,KFF-6587
US-7804,KFF-6494
US-7837,KFF-6407
US-7838,KFF-6066
US-7840,KFF-6338
US-7845,KFF-6818
US-7846,KFF-6345
US-7849,KFF-6483
US-7850,KFF-6456
US-7851,KFF-6372
US-7852,KFF-6079
US-7854,KFF-5939
US-7855,KFF-5939
US-7856,KFF-5939
US-7857,KFF-5937
US-7858,KFF-5631
US-7863,KFF-6663
US-7867,KFF-5419
US-7873,KFF-6628
US-7874,KFF-6630
US-7875,KFF-6305
US-7877,KFF-5632
US-7879,KFF-5796
US-7881,KFF-6045
US-7882,KFF-6063
US-7883,KFF-6086
US-7884,KFF-6076
US-7885,KFF-6081
US-7886,KFF-5633
US-7887,KFF-5634
US-7897,KFF-6047
US-7898,KFF-6061
US-7899,KFF-6054
US-7900,KFF-6064
US-7901,KFF-6074
US-7902,KFF-6084
US-7903,KFF-6087
US-7904,KFF-6051
US-7905,KFF-6053
US-7906,KFF-6056
US-7907,KFF-6058
US-7908,KFF-6065
US-7909,KFF-6067
US-7910,KFF-6068
US-7911,KFF-6070
US-7912,KFF-6073
US-7913,KFF-6075
US-7914,KFF-6080
US-7918,KFF-5420
US-7919,KFF-5421
US-7920,KFF-5422
US-7921,KFF-5423
US-7922,KFF-5424
US-7923,KFF-5425
US-7924,KFF-5426
US-7925,KFF-5427
US-7926,KFF-5428
US-7927,KFF-5429
US-7928,KFF-5430
US-7929,KFF-5431
US-7930,KFF-5432
US-7931,KFF-5433
US-7932,KFF-5434
US-7933,KFF-5435
US-7934,KFF-5436
US-7935,KFF-5437
US-7936,KFF-5438
US-7937,KFF-5439
US-7938,KFF-5440
US-7939,KFF-5441
US-7940,KFF-5442
US-7941,KFF-5443
US-7942,KFF-5444
US-7943,KFF-5445
US-7944,KFF-5446
US-7945,KFF-5447
US-7946,KFF-5448
US-7947,KFF-5449
US-7948,KFF-5450
US-7949,KFF-5451
US-7950,KFF-4708
US-7951,KFF-5864
US-7952,KFF-6891
US-7957,KFF-5882
US-7958,KFF-5885
US-7961,KFF-5884
US-7962,KFF-5870
US-7963,KFF-5886
US-7964,KFF-5873
US-7965,KFF-5878
US-7966,KFF-5875
US-7967,KFF-5876
US-7968,KFF-5879
US-7969,KFF-5871
US-7970,KFF-5872
US-7996,KFF-4553
US-7997,KFF-4554
US-7998,KFF-4557
US-7999,KFF-4555
US-8000,KFF-4556
US-8002,KFF-4558
US-8003,KFF-4559
US-8004,KFF-4560
US-8005,KFF-5641
US-8006,KFF-5644
US-8030,KFF-5297
US-8031,KFF-5299
US-8032,KFF-5300
US-8033,KFF-5301
US-8034,KFF-5302
US-8035,KFF-5303
US-8036,KFF-5304
US-8037,KFF-5305
US-8038,KFF-5306
US-8039,KFF-5307
US-8040,KFF-5308
US-8041,KFF-5309
US-8042,KFF-5310
US-8043,KFF-5312
US-8044,KFF-5313
US-8045,KFF-5314
US-8046,KFF-5315
US-8047,KFF-5316
US-8048,KFF-5317
US-8049,KFF-5318
US-8050,KFF-5319
US-8051,KFF-5320
US-8052,KFF-5321
US-8053,KFF-5322
US-8054,KFF-5323
US-8055,KFF-5324
US-8056,KFF-5325
US-8057,KFF-5326
US-8058,KFF-5327
US-8059,KFF-5328
US-8060,KFF-5329
US-8068,KFF-6838
US-8069,KFF-6836
US-8070,KFF-6835
US-8072,KFF-4751
US-8077,KFF-5959
US-8078,KFF-5995
US-8079,KFF-5997
US-8081,KFF-0680
US-8082,KFF-0680
US-8083,KFF-0680
US-8084,KFF-0680
US-8085,KFF-0680
US-8086,KFF-0680
US-8087,KFF-0680
US-8088,KFF-0680
US-8089,KFF-0680
US-8090,KFF-0680
US-8098,KFF-5954
US-8099,KFF-5986
US-8102,KFF-5962
US-8104,KFF-5635
US-8105,KFF-5636
US-8107,KFF-6473
US-8108,KFF-5952
US-8109,KFF-5950
US-8110,KFF-6491
US-8111,KFF-6485
US-8112,KFF-6766
US-8113,KFF-6465
US-8114,KFF-6464
US-8117,KFF-5561
US-8118,KFF-5562
US-8121,KFF-5565
US-8122,KFF-5567
US-8124,KFF-5568
US-8125,KFF-5570
US-8135,KFF-5571
US-8136,KFF-5572
US-8137,KFF-5559
US-8138,KFF-5574
US-8149,KFF-5607
US-8151,KFF-5615
US-8155,KFF-4658
US-8156,KFF-4659
US-8157,KFF-4660
US-8158,KFF-4661
US-8159,KFF-4662
US-8160,KFF-4663
US-8161,KFF-4664
US-8162,KFF-4665
US-8163,KFF-4666
US-8165,KFF-4668
US-8166,KFF-4669
US-8167,KFF-4670
US-8168,KFF-4671
US-8169,KFF-4672
US-8170,KFF-4673
US-8171,KFF-4674
US-8172,KFF-4675
US-8173,KFF-4676
US-8174,KFF-4677
US-8175,KFF-4678
US-8176,KFF-4679
US-8177,KFF-4680
US-8178,KFF-4681
US-8179,KFF-4682
US-8180,KFF-4683
US-8181,KFF-4684
US-8182,KFF-4685
US-8183,KFF-4686
US-8184,KFF-4687
US-8185,KFF-4688
US-8186,KFF-4689
US-8187,KFF-4690
US-8188,KFF-4691
US-8189,KFF-4692
US-8190,KFF-4693
US-8191,KFF-4695
US-8192,KFF-4696
US-8193,KFF-4697
US-8194,KFF-4698
US-8196,KFF-4700
US-8197,KFF-4701
US-8198,KFF-4702
US-8199,KFF-4703
US-8200,KFF-4704
US-8201,KFF-4705
US-8202,KFF-4706
US-8228,KFF-4965
US-8229,KFF-6319
US-8230,KFF-6330
US-8231,KFF-6647
US-8232,KFF-6368
US-8233,KFF-6400
US-8235,KFF-6414
US-8236,KFF-5770
US-8237,KFF-6631
US-8238,KFF-6633
US-8239,KFF-6313
US-8240,KFF-6318
US-8241,KFF-6638
US-8242,KFF-6320
US-8243,KFF-6322
US-8244,KFF-6325
US-8245,KFF-6644
US-8246,KFF-5772
US-8247,KFF-6648
US-8248,KFF-6344
US-8249,KFF-6347
US-8250,KFF-6656
US-8251,KFF-6658
US-8252,KFF-6359
US-8253,KFF-6364
US-8254,KFF-6335
US-8255,KFF-6665
US-8256,KFF-6380
US-8257,KFF-6384
US-8258,KFF-6670
US-8259,KFF-6389
US-8260,KFF-5703
US-8261,KFF-6673
US-8262,KFF-6396
US-8263,KFF-6688
US-8264,KFF-6413
US-8265,KFF-6415
US-8266,KFF-6416
US-8268,KFF-6382
US-8269,KFF-6468
US-8270,KFF-6471
US-8271,KFF-6487
US-8273,KFF-5637
US-8274,KFF-6675
US-8275,KFF-6406
US-8276,KFF-6682
US-8277,KFF-6636
US-8278,KFF-6639
US-8279,KFF-6373
US-8280,KFF-6408
US-8281,KFF-6321
US-8282,KFF-6411
US-8284,KFF-6634
US-8285,KFF-6366
US-8286,KFF-6353
US-8303,KFF-4963
US-8304,KFF-6376
US-8305,KFF-6851
US-8308,KFF-6390
US-8309,KFF-6649
US-8312,KFF-4953
US-8313,KFF-5648
US-8314,KFF-6386
US-8315,KFF-6397
US-8319,KFF-4750 (NY); KFF-4749 (NJ)
US-8326,KFF-5786
US-8328,KFF-5794
US-8329,KFF-5795
US-8330,KFF-5803
US-8332,KFF-5805
US-8333,KFF-5808
US-8334,KFF-5829
US-8335,KFF-5843
US-8336,KFF-5788
US-8337,KFF-6700
US-8338,KFF-5790
US-8339,KFF-5791
US-8340,KFF-5793
US-8341,KFF-5797
US-8342,KFF-5798
US-8343,KFF-5800
US-8344,KFF-5802
US-8345,KFF-6092
US-8346,KFF-5804
US-8347,KFF-5806
US-8348,KFF-5807
US-8351,KFF-5809
US-8354,KFF-5811
US-8355,KFF-5812
US-8356,KFF-5813
US-8357,KFF-5814
US-8358,KFF-5816
US-8360,KFF-6099
US-8361,KFF-5821
US-8362,KFF-5823
US-8364,KFF-6725
US-8365,KFF-6726
US-8366,KFF-5826
US-8367,KFF-5828
US-8368,KFF-5831
US-8369,KFF-5832
US-8370,KFF-5835
US-8371,KFF-5836
US-8372,KFF-6732
US-8373,KFF-6577
US-8374,KFF-5839
US-8375,KFF-5840
US-8376,KFF-5841
US-8377,KFF-5842
US-8378,KFF-5709
US-8379,KFF-5710
US-8380,KFF-5711
US-8382,KFF-5742
US-8383,KFF-5755
US-8384,KFF-5762
US-8385,KFF-5763
US-8386,KFF-5764
US-8390,KFF-5765
US-8391,KFF-5766
US-8392,KFF-5767
US-8393,KFF-6262
US-8402,KFF-5691
US-8403,KFF-6250
US-8405,KFF-6251
US-8407,KFF-6252
US-8412,KFF-6253
US-8413,KFF-6254
US-8414,KFF-5690
US-8415,KFF-6256
US-8416,KFF-6258
US-8417,KFF-6259
US-8421,KFF-6260
US-8427,KFF-6261
US-8431,KFF-6263
US-8443,KFF-6264
US-8502,KFF-5696
US-8503,KFF-5697
US-8504,KFF-5698
US-8505,KFF-5699
US-8506,KFF-5700
US-8507,KFF-5701
US-8508,KFF-5702
US-8509,KFF-6681
US-8510,KFF-6401
US-8511,KFF-6694
US-8521,KFF-6623
US-8622,KFF-5953
US-8624,KFF-5978
US-8626,KFF-5991
US-8630,KFF-5919
US-8631,KFF-6453
US-8633,KFF-5921
US-8634,KFF-6459
US-8636,KFF-5914
US-8637,KFF-6461
US-8638,KFF-5908
US-8652,KFF-5558
US-8653,KFF-5564
US-8675,KFF-5784
US-8676,KFF-5792
US-8678,KFF-5799
US-8679,KFF-5801
US-8680,KFF-5789
US-8683,KFF-5817
US-8684,KFF-6713
US-8685,KFF-5810
US-8686,KFF-5787
US-8690,KFF-5819
US-8691,KFF-5820
US-8692,KFF-5822
US-8694,KFF-5824
US-8695,KFF-5827
US-8697,KFF-5830
US-8698,KFF-6729
US-8699,KFF-5833
US-8700,KFF-5834
US-8703,KFF-5837
US-8704,KFF-5838
US-8708,KFF-6734
US-8711,KFF-5815
US-8713,KFF-6741
US-8717,KFF-5785
US-8722,KFF-6100
US-8723,KFF-6101
US-8724,KFF-6102
US-8725,KFF-6103
US-8726,KFF-6104
US-8727,KFF-6105
US-8728,KFF-6106
US-8729,KFF-6107
US-8730,KFF-6108
US-8731,KFF-6109
US-8732,KFF-6110
US-8733,KFF-6111
US-8734,KFF-6112
US-8735,KFF-6772
US-8736,KFF-6113
US-8738,KFF-6114
US-8739,KFF-6115
US-8740,KFF-6116
US-8741,KFF-6033
US-8742,KFF-5844
US-8743,KFF-6117
US-8744,KFF-6118
US-8745,KFF-5845
US-8746,KFF-6119
US-8747,KFF-6120
US-8748,KFF-6121
US-8749,KFF-6034
US-8750,KFF-6035
US-8751,KFF-5846
US-8752,KFF-6122
US-8753,KFF-6123
US-8754,KFF-6124
US-8755,KFF-6503
US-8756,KFF-6125
US-8757,KFF-6126
US-8758,KFF-6127
US-8759,KFF-6128
US-8760,KFF-6129
US-8761,KFF-6130
US-8762,KFF-6131
US-8763,KFF-6132
US-8764,KFF-6133
US-8766,KFF-6134
US-8767,KFF-6135
US-8768,KFF-6136
US-8769,KFF-6137
US-8770,KFF-6138
US-8771,KFF-6139
US-8772,KFF-6140
US-8773,KFF-6141
US-8774,KFF-6142
US-8775,KFF-6143
US-8776,KFF-6144
US-8778,KFF-6145
US-8779,KFF-5847
US-8780,KFF-6146
US-8781,KFF-6147
US-8782,KFF-5848
US-8783,KFF-6148
US-8785,KFF-6149
US-8786,KFF-6150
US-8787,KFF-6151
US-8788,KFF-6152
US-8789,KFF-6153
US-8790,KFF-6154
US-8791,KFF-6155
US-8792,KFF-6774
US-8793,KFF-6156
US-8794,KFF-6157
US-8795,KFF-6158
US-8796,KFF-6159
US-8797,KFF-6504
US-8798,KFF-6160
US-8799,KFF-6161
US-8800,KFF-6162
US-8802,KFF-6163
US-8803,KFF-6164
US-8804,KFF-6165
US-8805,KFF-5849
US-8806,KFF-6166
US-8807,KFF-6167
US-8808,KFF-6505
US-8809,KFF-5850
US-8810,KFF-6036
US-8811,KFF-6168
US-8812,KFF-6775
US-8813,KFF-6169
US-8814,KFF-6506
US-8815,KFF-6170
US-8816,KFF-6171
US-8817,KFF-6172
US-8818,KFF-6173
US-8819,KFF-6174
US-8820,KFF-6175
US-8821,KFF-6176
US-8822,KFF-6507
US-8825,KFF-6178
US-8826,KFF-6508
US-8827,KFF-6179
US-8828,KFF-6180
US-8830,KFF-6509
US-8831,KFF-6181
US-8832,KFF-6182
US-8833,KFF-6183
US-8835,KFF-6510
US-8836,KFF-6184
US-8838,KFF-6776
US-8839,KFF-6185
US-8841,KFF-6186
US-8842,KFF-6777
US-8843,KFF-5851
US-8844,KFF-6778
US-8845,KFF-6187
US-8846,KFF-6779
US-8847,KFF-6511
US-8848,KFF-6780
US-8849,KFF-6512
US-8850,KFF-6781
US-8851,KFF-6037
US-8852,KFF-6513
US-8854,KFF-5852
US-8855,KFF-5853
US-8856,KFF-6188
US-8857,KFF-6189
US-8858,KFF-5854
US-8860,KFF-6514
US-8863,KFF-6515
US-8864,KFF-6190
US-8865,KFF-6782
US-8866,KFF-6191
US-8867,KFF-6192
US-8868,KFF-6193
US-8869,KFF-6516
US-8870,KFF-6783
US-8871,KFF-6517
US-8872,KFF-6194
US-8873,KFF-6784
US-8874,KFF-6195
US-8876,KFF-6196
US-8877,KFF-6197
US-8878,KFF-5855
US-8880,KFF-6198
US-8881,KFF-6199
US-8882,KFF-6785
US-8883,KFF-6786
US-8884,KFF-6200
US-8885,KFF-6518
US-8888,KFF-6519
US-8891,KFF-6787
US-8892,KFF-6201
US-8894,KFF-6520
US-8895,KFF-6202
US-8896,KFF-6521
US-8899,KFF-6788
US-8900,KFF-6522
US-8901,KFF-6203
US-8902,KFF-5856
US-8903,KFF-6523
US-8904,KFF-6204
US-8905,KFF-6205
US-8906,KFF-6206
US-8907,KFF-5857
US-8908,KFF-5858
US-8909,KFF-6789
US-8910,KFF-6207
US-8911,KFF-6208
US-8912,KFF-6524
US-8914,KFF-5859
US-8915,KFF-6525
US-8916,KFF-6209
US-8918,KFF-6210
US-8919,KFF-6211
US-8920,KFF-6212
US-8921,KFF-6790
US-8923,KFF-6791
US-8924,KFF-6526
US-8925,KFF-6213
US-8926,KFF-5860
US-8927,KFF-6527
US-8929,KFF-6214
US-8930,KFF-6792
US-8931,KFF-5861
US-8932,KFF-6215
US-8933,KFF-6216
US-8935,KFF-6793
US-8936,KFF-6794
US-8937,KFF-6528
US-8938,KFF-6529
US-8939,KFF-6217
US-8940,KFF-6218
US-8941,KFF-5862
US-8943,KFF-6795
US-8944,KFF-6530
US-8946,KFF-6219
US-8947,KFF-6220
US-8948,KFF-6796
US-8949,KFF-6531
US-8950,KFF-6221
US-8951,KFF-6532
US-8952,KFF-5863
US-8953,KFF-6797
US-8955,KFF-6222
US-8956,KFF-6223
US-8957,KFF-6224
US-8958,KFF-6798
US-8959,KFF-6225
US-8960,KFF-6799
US-8962,KFF-6533
US-8963,KFF-6226
US-8964,KFF-6800
US-8965,KFF-6227
US-8966,KFF-6534
US-8968,KFF-6801
US-8969,KFF-6802
US-8970,KFF-6038
US-8971,KFF-6535
US-8972,KFF-6536
US-8974,KFF-5864
US-8975,KFF-6537
US-8977,KFF-6228
US-8978,KFF-6538
US-8979,KFF-6229
US-8980,KFF-5865
US-8981,KFF-6230
US-8982,KFF-6539
US-8983,KFF-6540
US-8984,KFF-6541
US-8985,KFF-6803
US-8986,KFF-6231
US-8988,KFF-6232
US-8989,KFF-6233
US-8990,KFF-6804
US-8991,KFF-6542
US-8992,KFF-6234
US-8993,KFF-6235
US-8994,KFF-6236
US-8995,KFF-6237
US-8997,KFF-6805
US-8998,KFF-6543
US-8999,KFF-6544
US-9000,KFF-6806
US-9001,KFF-6545
US-9002,KFF-6238
US-9003,KFF-6239
US-9005,KFF-6240
US-9007,KFF-6241
US-9008,KFF-6546
US-9009,KFF-6807
US-9011,KFF-6242
US-9012,KFF-6243
US-9013,KFF-6244
US-9015,KFF-6808
US-9016,KFF-6245
US-9018,KFF-6809
US-9019,KFF-6547
US-9020,KFF-6246
US-9021,KFF-6247
US-9022,KFF-6548
US-9023,KFF-6249
US-9024,KFF-6549
US-9028,KFF-5965
US-9031,KFF-5977
US-9034,KFF-6001
US-9037,KFF-5955
US-9039,KFF-5960
US-9044,KFF-5967
US-9049,KFF-5975
US-9060,KFF-6000
US-9061,KFF-5964
US-9062,KFF-5966
US-9065,KFF-5969
US-9066,KFF-5974
US-9067,KFF-5976
US-9068,KFF-5983
US-9070,KFF-5989
US-9073,KFF-5996
US-9076,KFF-5965
US-9077,KFF-5971
US-9080,KFF-5977
US-9082,KFF-5980
US-9083,KFF-5985
US-9085,KFF-6001
US-9087,KFF-5956
US-9091,KFF-5970
US-9092,KFF-5972
US-9093,KFF-5973
US-9096,KFF-5981
US-9098,KFF-5988
US-9100,KFF-5990
US-9103,KFF-5998
US-9104,KFF-5999
US-9106,KFF-6002
US-9109,KFF-5963
US-9112,KFF-5979
US-9113,KFF-5982
US-9117,KFF-5992
US-9121,KFF-5958
US-9123,KFF-5961
US-9130,KFF-5987
US-9136,KFF-5957
US-9138,KFF-5968
US-9140,KFF-5984
US-9152,KFF-4971
US-9156,KFF-6559
US-9157,KFF-4975
US-9158,KFF-6561
US-9159,KFF-6560
US-9160,KFF-4977
US-9199,KFF-5600
US-9202,KFF-5609
US-9206,KFF-5599
US-9214,KFF-5608
US-9215,KFF-5613
US-9217,KFF-5611
US-9218,KFF-5603
US-9219,KFF-5595
US-9225,KFF-5596
US-9226,KFF-5601
US-9231,KFF-5694
US-9232,KFF-5695
US-9239,KFF-4961
US-9285,KFF-6554
US-9393,KFF-6443
US-9394,KFF-6444
US-9397,KFF-6445
US-9404,KFF-6768
US-9419,KFF-5911
US-9420,KFF-6448
US-9421,KFF-6450
US-9438,KFF-6451
US-9443,KFF-6452
US-9444,KFF-6765
US-9447,KFF-6813
US-9449,KFF-6455
US-9450,KFF-6457
US-9453,KFF-6458
US-9454,KFF-6460
US-9456,KFF-5951
US-9458,KFF-6462
US-9459,KFF-6463
US-9460,KFF-6769
US-9461,KFF-6466
US-9464,KFF-6467
US-9466,KFF-6770
US-9468,KFF-6469
US-9469,KFF-6470
US-9470,KFF-5909
US-9472,KFF-5910
US-9473,KFF-6897
US-9480,KFF-6474
US-9481,KFF-6475
US-9484,KFF-5912
US-9485,KFF-5913
US-9487,KFF-6476
US-9493,KFF-5915
US-9494,KFF-6477
US-9495,KFF-5916
US-9496,KFF-6478
US-9497,KFF-6479
US-9498,KFF-5917
US-9499,KFF-6480
US-9500,KFF-5918
US-9501,KFF-6481
US-9502,KFF-6482
US-9505,KFF-6484
US-9510,KFF-6486
US-9511,KFF-6771
US-9514,KFF-5920
US-9516,KFF-5922
US-9517,KFF-6488
US-9518,KFF-6489
US-9519,KFF-6490
US-9520,KFF-6492
US-9522,KFF-6493
US-9558,KFF-6841
US-9559,KFF-6842
US-9565,KFF-6843
US-9593,KFF-4957
US-9594,KFF-4958
US-9595,KFF-4959
US-9679,KFF-5768
US-9684,KFF-6088
US-9696,KFF-6568
US-9698,KFF-6571
US-9701,KFF-6570
US-9704,KFF-6089
US-9718,KFF-6096
US-9719,KFF-6094
US-9720,KFF-6095
US-9721,KFF-6093
US-9743,KFF-5687
US-9753,KFF-6829
US-9754,KFF-6575
US-9755,KFF-6856
US-9758,KFF-6743 (GA); KFF-6745 (NC); KFF-6748 (SC)
US-9759,KFF-6846
US-9847,KFF-6830
US-9882,KFF-5621
US-9894,KFF-5358
US-9930,KFF-4860
US-9936,KFF-6849
