Reference,ElevationFeet
US-0001,135
US-0002,49
US-0003,200
US-0004,4111
US-0005,2648
US-0006,2684
US-0007,26
US-0008,6240
US-0009,8232
US-0010,4793
US-0011,5525
US-0012,4400
US-0013,6204
US-0014,689
US-0015,367
US-0016,79
US-0017,157
US-0018,6188
US-0019,1801
US-0020,663
US-0021,3812
US-0022,0
US-0023,3
US-0024,20
US-0026,0
US-0027,515
US-0028,8133
US-0029,23
US-0030,4121
US-0031,6818
US-0032,6864
US-0033,8051
US-0034,5016
US-0035,7615
US-0036,115
US-0037,3993
US-0038,581
US-0039,922
US-0040,0
US-0041,3120
US-0043,75
US-0044,62
US-0045,0
US-0046,4629
US-0047,0
US-0048,0
US-0049,6719
US-0050,761
US-0051,6975
US-0052,6896
US-0054,850
US-0055,5669
US-0056,1739
US-0057,5758
US-0058,187
US-0059,8625
US-0060,2644
US-0061,141
US-0062,335
US-0063,6854
US-0064,587
US-0065,2264
US-0067,1125
US-0068,4219
US-0069,0
US-0070,7887
US-0071,4019
US-0072,6125
US-0117,6089
US-0118,30
US-0119,0
US-0121,0
US-0123,7
US-0124,16
US-0125,3
US-0126,0
US-0127,0
US-0128,1316
US-0129,36
US-0136,26
US-0137,381
US-0138,66
US-0139,279
US-0140,850
US-0141,541
US-0142,0
US-0143,52
US-0144,102
US-0145,30
US-0146,0
US-0147,20
US-0148,0
US-0149,0
US-0150,971
US-0151,0
US-0152,0
US-0153,0
US-0154,0
US-0155,98
US-0156,0
US-0157,0
US-0158,1404
US-0159,945
US-0160,518
US-0161,581
US-0162,194
US-0163,223
US-0164,200
US-0165,141
US-0166,315
US-0168,138
US-0169,312
US-0170,236
US-0171,187
US-0172,492
US-0173,3494
US-0174,883
US-0175,220
US-0176,203
US-0177,1332
US-0178,4803
US-0179,3776
US-0180,177
US-0181,2963
US-0183,5673
US-0184,6211
US-0185,4797
US-0187,46
US-0188,5020
US-0189,0
US-0190,4803
US-0191,5443
US-0192,5912
US-0193,92
US-0194,725
US-0195,6634
US-0196,0
US-0197,2799
US-0198,92
US-0199,4068
US-0200,223
US-0201,1224
US-0202,4357
US-0203,92
US-0204,220
US-0205,92
US-0206,82
US-0207,7
US-0208,810
US-0209,10
US-0210,43
US-0211,92
US-0212,3
US-0213,161
US-0214,-226
US-0215,3
US-0217,36
US-0218,4072
US-0219,436
US-0220,7523
US-0221,8228
US-0222,7562
US-0223,5377
US-0224,7625
US-0225,5830
US-0226,5259
US-0227,5551
US-0228,112
US-0229,-3
US-0230,3
US-0231,10
US-0232,56
US-0234,0
US-0235,26
US-0236,33
US-0237,23
US-0238,20
US-0239,30
US-0240,13
US-0241,43
US-0243,0
US-0244,0
US-0245,112
US-0246,36
US-0247,56
US-0249,16
US-0250,7
US-0252,30
US-0256,43
US-0257,26
US-0258,23
US-0259,240
US-0260,33
US-0261,341
US-0262,39
US-0263,135
US-0264,568
US-0265,23
US-0266,7
US-0267,0
US-0268,1004
US-0269,774
US-0270,1106
US-0271,879
US-0272,656
US-0273,1125
US-0274,5925
US-0275,4803
US-0276,2559
US-0277,6404
US-0278,1749
US-0279,4203
US-0280,4744
US-0281,427
US-0282,456
US-0283,338
US-0284,433
US-0285,446
US-0286,384
US-0287,456
US-0288,889
US-0289,545
US-0290,443
US-0291,1076
US-0292,1739
US-0293,810
US-0294,1804
US-0295,344
US-0296,75
US-0297,66
US-0298,13
US-0299,30
US-0300,49
US-0301,89
US-0302,59
US-0303,0
US-0304,7
US-0305,49
US-0306,52
US-0307,148
US-0308,10
US-0309,59
US-0311,49
US-0312,92
US-0314,13
US-0315,200
US-0316,10
US-0318,112
US-0319,79
US-0320,279
US-0321,144
US-0322,56
US-0324,56
US-0325,0
US-0327,236
US-0328,10
US-0329,1257
US-0330,13
US-0331,10
US-0332,46
US-0333,7
US-0334,164
US-0335,0
US-0336,696
US-0337,217
US-0338,144
US-0339,13
US-0341,223
US-0342,3
US-0343,43
US-0345,141
US-0346,594
US-0347,682
US-0348,623
US-0349,1207
US-0350,984
US-0352,715
US-0353,607
US-0354,1132
US-0355,951
US-0356,1512
US-0357,1093
US-0358,1362
US-0359,1247
US-0360,1086
US-0361,1316
US-0362,1152
US-0364,807
US-0365,1158
US-0366,1161
US-0367,1562
US-0368,1220
US-0369,1198
US-0370,978
US-0371,1476
US-0373,1401
US-0374,574
US-0375,433
US-0376,495
US-0377,466
US-0380,856
US-0381,666
US-0382,135
US-0383,171
US-0384,13
US-0385,112
US-0386,112
US-0387,121
US-0388,33
US-0389,121
US-0390,285
US-0391,135
US-0392,56
US-0393,131
US-0395,135
US-0396,3606
US-0398,2205
US-0399,2789
US-0400,3940
US-0401,3606
US-0402,3255
US-0403,3612
US-0404,1939
US-0405,2651
US-0407,6706
US-0408,2441
US-0409,3186
US-0410,30
US-0411,0
US-0412,3
US-0413,0
US-0414,3
US-0415,0
US-0416,236
US-0417,23
US-0418,33
US-0419,0
US-0420,1476
US-0421,1539
US-0422,1854
US-0423,1749
US-0424,1808
US-0425,1483
US-0426,1932
US-0427,1434
US-0428,1434
US-0429,820
US-0430,1936
US-0431,1453
US-0432,2195
US-0433,1975
US-0434,1713
US-0435,2257
US-0436,1742
US-0437,1463
US-0438,1158
US-0439,1683
US-0440,1388
US-0441,984
US-0442,3793
US-0443,2464
US-0445,4131
US-0446,2254
US-0447,2897
US-0448,85
US-0449,1296
US-0450,1260
US-0451,1309
US-0452,52
US-0453,20
US-0454,226
US-0455,7
US-0456,571
US-0457,3543
US-0458,4518
US-0459,6581
US-0460,6030
US-0462,5062
US-0464,2421
US-0465,2936
US-0466,3881
US-0467,1749
US-0468,3258
US-0469,6030
US-0470,5427
US-0471,3917
US-0472,20
US-0473,-3
US-0474,39
US-0475,640
US-0476,407
US-0477,0
US-0478,16
US-0479,328
US-0480,26
US-0481,36
US-0482,584
US-0483,571
US-0485,643
US-0486,338
US-0487,2772
US-0489,1171
US-0490,489
US-0491,663
US-0492,1699
US-0493,1493
US-0494,197
US-0495,13
US-0496,233
US-0498,390
US-0499,630
US-0500,5623
US-0501,4521
US-0502,4144
US-0503,1391
US-0504,30
US-0505,62
US-0506,-3
US-0508,131
US-0509,4593
US-0510,427
US-0511,1424
US-0512,16
US-0513,3
US-0514,46
US-0515,30
US-0516,-36
US-0517,49
US-0518,13
US-0519,407
US-0520,66
US-0521,95
US-0522,10
US-0523,633
US-0524,3
US-0525,1276
US-0526,531
US-0527,3018
US-0528,1440
US-0529,1699
US-0530,1309
US-0531,1798
US-0532,1795
US-0533,292
US-0534,361
US-0535,308
US-0536,285
US-0537,308
US-0538,295
US-0539,423
US-0540,10
US-0541,20
US-0542,194
US-0543,728
US-0544,7
US-0545,13
US-0546,3661
US-0547,3970
US-0548,636
US-0549,36
US-0550,102
US-0551,7
US-0552,3799
US-0553,20
US-0554,105
US-0555,13
US-0556,39
US-0557,4199
US-0558,4298
US-0559,4928
US-0560,7
US-0561,-3
US-0562,43
US-0563,72
US-0564,13
US-0565,-7
US-0566,62
US-0567,85
US-0569,10
US-0571,669
US-0572,30
US-0573,0
US-0574,95
US-0575,919
US-0576,1818
US-0577,1654
US-0578,108
US-0580,16
US-0582,7
US-0583,292
US-0584,2169
US-0585,361
US-0590,89
US-0591,676
US-0592,20
US-0593,7
US-0594,735
US-0595,2260
US-0596,305
US-0597,72
US-0598,787
US-0600,623
US-0601,886
US-0602,830
US-0603,925
US-0604,974
US-0605,669
US-0606,597
US-0607,3228
US-0608,623
US-0609,7096
US-0610,6237
US-0611,7201
US-0613,6407
US-0614,6083
US-0615,6257
US-0619,1854
US-0620,1178
US-0621,1073
US-0622,1486
US-0623,1375
US-0624,2759
US-0625,3196
US-0626,1188
US-0627,1161
US-0628,1335
US-0629,958
US-0631,2572
US-0632,4829
US-0633,184
US-0634,13
US-0635,0
US-0636,-30
US-0637,430
US-0639,1319
US-0640,1102
US-0641,1217
US-0642,344
US-0643,0
US-0644,0
US-0645,3707
US-0646,653
US-0647,56
US-0648,630
US-0649,1302
US-0650,2133
US-0651,174
US-0652,8153
US-0653,23
US-0654,0
US-0655,33
US-0656,325
US-0657,20
US-0658,62
US-0659,7
US-0660,16
US-0661,0
US-0662,912
US-0663,56
US-0664,6030
US-0665,4488
US-0666,1024
US-0667,125
US-0668,164
US-0669,98
US-0670,223
US-0671,3
US-0672,10
US-0673,883
US-0674,3917
US-0675,1273
US-0676,1683
US-0677,16
US-0678,8514
US-0679,7
US-0680,121
US-0681,709
US-0682,0
US-0683,0
US-0684,33
US-0685,1299
US-0686,1591
US-0687,1122
US-0688,3146
US-0689,135
US-0690,0
US-0691,364
US-0692,331
US-0693,6299
US-0694,187
US-0695,1460
US-0696,1647
US-0697,2244
US-0698,6995
US-0699,1296
US-0700,502
US-0701,6184
US-0702,968
US-0703,404
US-0704,1913
US-0705,285
US-0706,20
US-0707,292
US-0708,561
US-0709,318
US-0710,1227
US-0711,1145
US-0712,240
US-0713,135
US-0714,591
US-0715,443
US-0716,768
US-0717,397
US-0718,876
US-0719,623
US-0720,853
US-0721,1427
US-0722,482
US-0723,404
US-0724,515
US-0725,46
US-0726,778
US-0728,0
US-0729,118
US-0730,702
US-0732,804
US-0733,36
US-0734,427
US-0735,285
US-0736,3
US-0737,643
US-0738,26
US-0739,46
US-0740,1138
US-0741,1991
US-0742,102
US-0743,1388
US-0744,764
US-0745,138
US-0746,640
US-0747,197
US-0748,-33
US-0750,36
US-0751,102
US-0752,6870
US-0753,33
US-0754,26
US-0756,607
US-0757,23
US-0758,0
US-0759,295
US-0760,3255
US-0761,131
US-0763,446
US-0764,646
US-0765,636
US-0766,591
US-0767,906
US-0768,161
US-0770,3698
US-0771,5269
US-0772,0
US-0773,23
US-0774,2484
US-0775,59
US-0776,0
US-0777,125
US-0778,115
US-0779,456
US-0780,13
US-0781,1719
US-0782,528
US-0783,43
US-0784,36
US-0785,30
US-0786,5381
US-0787,568
US-0788,1086
US-0789,-56
US-0790,46
US-0791,85
US-0792,3
US-0793,30
US-0794,3
US-0795,131
US-0796,13
US-0797,13
US-0798,2388
US-0799,351
US-0800,1519
US-0801,4012
US-0802,121
US-0803,902
US-0804,2543
US-0805,92
US-0806,52
US-0808,135
US-0809,52
US-0810,531
US-0811,236
US-0812,653
US-0813,1063
US-0814,46
US-0815,4783
US-0816,5036
US-0817,4265
US-0818,2054
US-0819,0
US-0820,0
US-0821,856
US-0822,440
US-0823,1867
US-0824,112
US-0825,105
US-0826,190
US-0827,991
US-0828,4367
US-0829,4482
US-0830,377
US-0831,1050
US-0832,712
US-0833,187
US-0834,574
US-0835,6358
US-0836,692
US-0837,528
US-0838,72
US-0839,112
US-0840,1716
US-0841,594
US-0842,404
US-0843,30
US-0844,184
US-0845,3862
US-0846,997
US-0847,230
US-0848,108
US-0849,3950
US-0850,2526
US-0851,2028
US-0852,512
US-0853,36
US-0854,361
US-0855,36
US-0856,0
US-0857,633
US-0858,26
US-0859,30
US-0861,4003
US-0862,52
US-0863,138
US-0864,732
US-0865,112
US-0866,676
US-0867,180
US-0868,308
US-0869,459
US-0870,505
US-0871,171
US-0872,1988
US-0873,669
US-0874,633
US-0875,837
US-0877,0
US-0878,200
US-0879,0
US-0880,0
US-0881,203
US-0882,404
US-0883,3783
US-0884,3186
US-0885,13
US-0886,0
US-0887,164
US-0888,351
US-0889,0
US-0890,2927
US-0891,-62
US-0892,0
US-0893,0
US-0894,1404
US-0895,4154
US-0896,43
US-0897,62
US-0898,144
US-0899,167
US-0900,4406
US-0901,3058
US-0902,1854
US-0903,5676
US-0904,6070
US-0905,961
US-0907,302
US-0908,6217
US-0909,0
US-0910,7982
US-0911,1411
US-0912,10
US-0913,3
US-0914,9508
US-0915,2621
US-0916,997
US-0917,5584
US-0918,6148
US-0919,7713
US-0920,4633
US-0921,6047
US-0922,673
US-0923,6457
US-0924,7185
US-0925,8323
US-0926,62
US-0927,0
US-0928,39
US-0929,13
US-0930,13
US-0931,459
US-0932,16
US-0933,6781
US-0934,7083
US-0935,20
US-0936,1076
US-0937,6017
US-0938,0
US-0939,666
US-0940,3196
US-0942,1283
US-0943,5226
US-0944,5440
US-0945,2267
US-0946,4797
US-0947,3179
US-0948,3238
US-0949,240
US-0950,6322
US-0951,6745
US-0952,371
US-0953,3973
US-0954,1706
US-0955,5128
US-0956,4997
US-0957,1650
US-0958,112
US-0959,3789
US-0960,1076
US-0961,6493
US-0962,4606
US-0963,0
US-0964,7710
US-0965,6266
US-0966,2871
US-0967,3386
US-0969,6686
US-0970,3944
US-0971,3
US-0972,4931
US-0973,5912
US-0974,2536
US-0975,453
US-0976,5010
US-0977,52
US-0978,876
US-0979,741
US-0980,417
US-0981,571
US-0982,492
US-0983,571
US-0984,732
US-0985,430
US-0986,794
US-0987,535
US-0988,574
US-0989,489
US-0990,476
US-0991,456
US-0992,597
US-0993,338
US-0994,732
US-0995,505
US-0996,676
US-0997,653
US-0998,394
US-0999,528
US-1000,597
US-1001,761
US-1002,741
US-1003,669
US-1004,600
US-1005,948
US-1006,417
US-1007,607
US-1008,876
US-1009,643
US-1010,689
US-1012,758
US-1013,699
US-1014,620
US-1015,554
US-1016,584
US-1017,643
US-1018,531
US-1019,912
US-1020,528
US-1021,587
US-1022,492
US-1023,771
US-1024,653
US-1026,705
US-1027,525
US-1028,673
US-1029,440
US-1030,702
US-1031,787
US-1032,495
US-1033,676
US-1034,371
US-1035,810
US-1036,640
US-1037,2139
US-1038,627
US-1039,1755
US-1040,266
US-1041,305
US-1042,3
US-1043,643
US-1044,856
US-1045,253
US-1046,279
US-1047,49
US-1048,1079
US-1049,771
US-1050,705
US-1051,541
US-1052,1411
US-1053,2428
US-1054,436
US-1055,2694
US-1056,453
US-1057,3301
US-1058,4839
US-1059,4744
US-1060,472
US-1061,2051
US-1062,5994
US-1063,4350
US-1064,3957
US-1065,1864
US-1066,3868
US-1067,3110
US-1068,4911
US-1069,4905
US-1070,161
US-1071,187
US-1072,725
US-1073,272
US-1074,249
US-1075,719
US-1076,377
US-1077,358
US-1078,633
US-1079,344
US-1080,433
US-1081,217
US-1082,1089
US-1083,249
US-1084,249
US-1085,1447
US-1086,230
US-1087,226
US-1088,371
US-1089,338
US-1090,141
US-1091,348
US-1092,994
US-1093,420
US-1094,604
US-1095,331
US-1096,430
US-1097,187
US-1098,203
US-1099,525
US-1100,308
US-1101,354
US-1102,331
US-1103,128
US-1104,2474
US-1105,1726
US-1106,463
US-1107,771
US-1108,217
US-1109,866
US-1110,738
US-1111,318
US-1112,302
US-1113,1257
US-1114,2572
US-1115,272
US-1116,259
US-1117,390
US-1118,279
US-1119,1417
US-1120,600
US-1121,3310
US-1122,89
US-1123,318
US-1124,1191
US-1125,98
US-1126,810
US-1127,2982
US-1128,131
US-1129,1129
US-1130,39
US-1131,420
US-1132,6352
US-1133,358
US-1134,4797
US-1135,2231
US-1136,3074
US-1137,52
US-1138,7
US-1139,476
US-1140,1473
US-1141,56
US-1142,4137
US-1143,597
US-1144,6814
US-1145,5958
US-1146,6358
US-1147,6611
US-1148,23
US-1149,2113
US-1150,43
US-1151,2759
US-1152,75
US-1153,52
US-1154,92
US-1155,446
US-1156,5932
US-1157,82
US-1158,151
US-1159,177
US-1160,282
US-1161,2605
US-1162,75
US-1163,423
US-1164,430
US-1165,1398
US-1166,39
US-1167,92
US-1168,46
US-1169,515
US-1170,59
US-1171,2976
US-1172,98
US-1173,95
US-1174,108
US-1175,3
US-1176,794
US-1177,9537
US-1178,1572
US-1179,89
US-1180,1352
US-1181,5276
US-1182,318
US-1183,361
US-1184,1617
US-1185,5207
US-1186,33
US-1187,1667
US-1188,873
US-1189,2844
US-1190,614
US-1191,2405
US-1192,335
US-1193,2720
US-1194,108
US-1195,213
US-1196,682
US-1197,269
US-1198,62
US-1199,571
US-1200,1214
US-1202,23
US-1203,108
US-1204,1768
US-1205,26
US-1206,6355
US-1207,23
US-1208,7067
US-1209,5115
US-1210,4993
US-1211,6522
US-1212,5522
US-1213,5591
US-1214,6716
US-1215,6552
US-1216,6578
US-1217,8576
US-1218,6371
US-1219,8947
US-1220,6457
US-1221,4698
US-1222,4462
US-1223,4485
US-1224,3858
US-1225,4944
US-1226,6427
US-1228,5577
US-1229,7844
US-1230,9262
US-1231,6076
US-1232,4078
US-1233,6867
US-1234,8077
US-1235,6900
US-1236,6519
US-1237,5971
US-1238,6224
US-1239,7536
US-1240,8684
US-1241,4846
US-1242,7205
US-1243,8819
US-1244,8169
US-1245,8048
US-1246,5157
US-1247,8602
US-1248,6355
US-1249,6663
US-1250,6316
US-1251,1066
US-1252,456
US-1253,663
US-1254,692
US-1255,820
US-1256,801
US-1257,840
US-1258,741
US-1259,784
US-1260,489
US-1261,663
US-1262,2418
US-1263,617
US-1264,1142
US-1265,725
US-1266,384
US-1267,669
US-1268,554
US-1269,860
US-1270,712
US-1271,768
US-1272,725
US-1273,728
US-1274,722
US-1275,774
US-1276,1037
US-1277,1060
US-1278,928
US-1279,495
US-1280,650
US-1281,659
US-1282,453
US-1283,400
US-1284,420
US-1285,879
US-1286,958
US-1287,479
US-1288,1791
US-1289,571
US-1290,367
US-1291,10
US-1292,1814
US-1293,108
US-1294,46
US-1295,1949
US-1296,1407
US-1297,1020
US-1298,7
US-1299,39
US-1300,4042
US-1301,338
US-1302,499
US-1303,2231
US-1304,525
US-1305,30
US-1306,387
US-1307,131
US-1308,0
US-1309,1870
US-1310,1995
US-1311,305
US-1312,236
US-1313,295
US-1314,469
US-1315,689
US-1316,728
US-1317,2018
US-1318,869
US-1319,919
US-1320,1512
US-1321,443
US-1322,348
US-1323,512
US-1324,177
US-1325,1319
US-1326,79
US-1327,689
US-1328,1178
US-1329,676
US-1330,650
US-1331,1526
US-1332,135
US-1333,2087
US-1334,1877
US-1335,3107
US-1336,922
US-1337,971
US-1338,945
US-1339,1470
US-1340,2293
US-1341,1391
US-1342,636
US-1343,837
US-1344,1749
US-1345,1440
US-1346,1234
US-1347,171
US-1348,1821
US-1349,1732
US-1350,705
US-1351,226
US-1352,256
US-1353,1001
US-1354,1184
US-1355,528
US-1356,640
US-1357,1900
US-1358,997
US-1359,1522
US-1360,1119
US-1361,1486
US-1362,827
US-1363,1916
US-1364,919
US-1365,1079
US-1366,2149
US-1367,2316
US-1368,1070
US-1369,2021
US-1370,2749
US-1371,2697
US-1372,2753
US-1373,692
US-1374,1821
US-1375,1978
US-1376,528
US-1377,781
US-1378,1342
US-1379,1660
US-1380,387
US-1381,1217
US-1382,1427
US-1383,1188
US-1384,440
US-1385,476
US-1386,1070
US-1387,1332
US-1388,1135
US-1389,1138
US-1390,39
US-1391,413
US-1392,1204
US-1393,1109
US-1394,1247
US-1395,1667
US-1396,2526
US-1397,1686
US-1398,906
US-1399,991
US-1400,1381
US-1401,732
US-1402,568
US-1403,1588
US-1404,1745
US-1405,1207
US-1406,1624
US-1407,1030
US-1408,1535
US-1409,935
US-1410,269
US-1411,1243
US-1412,860
US-1413,2277
US-1414,328
US-1415,1010
US-1416,2175
US-1417,1207
US-1418,817
US-1419,1191
US-1420,1299
US-1421,486
US-1422,1093
US-1423,1296
US-1424,522
US-1425,512
US-1426,528
US-1427,1991
US-1428,994
US-1429,1260
US-1430,135
US-1431,1076
US-1432,817
US-1433,1004
US-1434,1148
US-1435,1270
US-1436,850
US-1437,833
US-1438,1414
US-1439,663
US-1440,873
US-1441,1532
US-1442,1056
US-1443,915
US-1444,1152
US-1445,604
US-1446,1247
US-1447,1312
US-1448,1102
US-1449,984
US-1450,594
US-1451,1027
US-1452,873
US-1453,935
US-1454,646
US-1455,951
US-1456,787
US-1457,896
US-1458,600
US-1459,892
US-1460,932
US-1461,574
US-1462,673
US-1463,925
US-1464,942
US-1465,919
US-1466,633
US-1467,1040
US-1468,643
US-1469,991
US-1470,591
US-1471,696
US-1472,715
US-1473,1788
US-1474,994
US-1475,584
US-1476,955
US-1477,1230
US-1478,741
US-1479,627
US-1480,1194
US-1481,912
US-1482,1079
US-1483,827
US-1484,581
US-1485,610
US-1486,614
US-1487,617
US-1488,1572
US-1489,620
US-1490,620
US-1491,591
US-1492,909
US-1493,988
US-1494,1736
US-1495,971
US-1496,614
US-1497,640
US-1498,571
US-1499,574
US-1500,604
US-1501,643
US-1502,761
US-1503,1211
US-1504,994
US-1505,630
US-1506,633
US-1507,610
US-1508,604
US-1509,607
US-1510,879
US-1511,958
US-1512,1319
US-1513,886
US-1514,620
US-1515,617
US-1516,627
US-1517,771
US-1518,965
US-1519,640
US-1520,591
US-1521,942
US-1522,577
US-1523,1316
US-1524,646
US-1525,709
US-1526,610
US-1527,876
US-1528,1191
US-1529,702
US-1530,702
US-1531,1247
US-1532,633
US-1533,650
US-1534,614
US-1535,591
US-1536,653
US-1537,932
US-1538,623
US-1539,594
US-1540,807
US-1541,1165
US-1542,574
US-1543,669
US-1544,709
US-1545,584
US-1546,627
US-1547,607
US-1548,1214
US-1549,653
US-1550,696
US-1551,1598
US-1552,640
US-1553,659
US-1554,604
US-1555,879
US-1556,594
US-1557,1099
US-1558,633
US-1559,7
US-1560,1516
US-1561,13
US-1562,144
US-1563,2119
US-1564,194
US-1565,141
US-1566,1066
US-1567,2352
US-1568,2470
US-1569,121
US-1570,469
US-1572,10
US-1573,1512
US-1574,951
US-1575,1079
US-1576,30
US-1577,43
US-1578,13
US-1579,2530
US-1580,30
US-1581,23
US-1582,36
US-1583,312
US-1584,2618
US-1585,7
US-1586,16
US-1587,446
US-1588,371
US-1589,518
US-1590,23
US-1591,102
US-1592,646
US-1593,1220
US-1594,230
US-1595,30
US-1596,407
US-1597,72
US-1598,1647
US-1599,16
US-1600,125
US-1601,315
US-1602,2395
US-1603,43
US-1604,1467
US-1606,43
US-1607,66
US-1608,988
US-1609,13
US-1610,10
US-1611,39
US-1612,10
US-1613,72
US-1614,85
US-1615,144
US-1616,1004
US-1617,13
US-1618,594
US-1619,1594
US-1620,968
US-1621,3
US-1622,607
US-1623,10
US-1624,433
US-1625,197
US-1626,89
US-1627,118
US-1628,131
US-1629,59
US-1630,653
US-1631,643
US-1632,518
US-1633,814
US-1634,154
US-1635,512
US-1636,1161
US-1637,0
US-1638,1975
US-1639,7
US-1640,128
US-1641,0
US-1642,0
US-1643,98
US-1644,0
US-1645,1490
US-1646,344
US-1647,719
US-1648,758
US-1649,404
US-1650,23
US-1651,636
US-1652,272
US-1653,1047
US-1654,1024
US-1655,1171
US-1656,135
US-1657,820
US-1658,33
US-1659,46
US-1660,459
US-1661,1614
US-1662,322
US-1663,203
US-1664,3
US-1665,10
US-1666,98
US-1667,0
US-1668,427
US-1669,614
US-1670,30
US-1671,384
US-1672,207
US-1673,23
US-1674,7
US-1675,72
US-1676,7
US-1677,26
US-1678,1617
US-1679,200
US-1680,459
US-1681,203
US-1682,558
US-1683,331
US-1684,30
US-1685,945
US-1686,446
US-1687,262
US-1688,597
US-1689,735
US-1690,620
US-1691,249
US-1692,741
US-1693,151
US-1694,279
US-1695,679
US-1696,144
US-1697,600
US-1698,384
US-1699,1490
US-1700,499
US-1701,817
US-1702,761
US-1703,1106
US-1704,381
US-1705,440
US-1706,459
US-1707,663
US-1708,489
US-1709,36
US-1710,115
US-1711,39
US-1712,377
US-1713,66
US-1714,197
US-1715,39
US-1716,13
US-1717,174
US-1718,518
US-1719,463
US-1720,758
US-1721,315
US-1722,896
US-1723,141
US-1724,472
US-1725,702
US-1726,79
US-1727,184
US-1728,59
US-1729,26
US-1730,154
US-1731,197
US-1732,220
US-1733,39
US-1734,3
US-1735,0
US-1736,10
US-1737,3
US-1738,0
US-1739,26
US-1740,46
US-1741,62
US-1742,33
US-1743,167
US-1744,131
US-1745,725
US-1746,449
US-1747,1007
US-1748,886
US-1749,331
US-1750,938
US-1751,577
US-1752,912
US-1753,581
US-1754,961
US-1755,689
US-1756,699
US-1757,1276
US-1758,735
US-1759,768
US-1760,692
US-1761,1030
US-1762,820
US-1763,886
US-1764,1227
US-1765,397
US-1766,814
US-1767,840
US-1768,748
US-1769,459
US-1770,784
US-1771,846
US-1772,663
US-1773,784
US-1774,919
US-1775,440
US-1776,653
US-1777,761
US-1778,942
US-1779,906
US-1780,1398
US-1781,509
US-1782,709
US-1783,443
US-1784,886
US-1785,945
US-1786,928
US-1787,951
US-1788,1775
US-1789,899
US-1790,443
US-1791,689
US-1792,502
US-1793,922
US-1794,745
US-1795,925
US-1796,889
US-1797,1762
US-1798,2343
US-1799,3451
US-1800,594
US-1801,614
US-1802,3140
US-1803,607
US-1804,1512
US-1805,932
US-1806,3366
US-1807,1696
US-1808,2487
US-1809,817
US-1810,810
US-1811,2986
US-1812,3199
US-1813,1296
US-1814,1857
US-1815,2431
US-1816,2116
US-1817,2520
US-1818,932
US-1819,2694
US-1820,2730
US-1821,925
US-1822,1125
US-1823,541
US-1824,2044
US-1825,1329
US-1826,958
US-1827,2628
US-1828,1115
US-1829,141
US-1830,213
US-1831,13
US-1832,13
US-1833,23
US-1834,0
US-1835,13
US-1836,52
US-1837,30
US-1838,144
US-1839,46
US-1840,26
US-1841,75
US-1842,59
US-1843,13
US-1844,7
US-1845,26
US-1846,23
US-1847,20
US-1848,128
US-1849,30
US-1850,30
US-1851,10
US-1852,46
US-1853,62
US-1854,36
US-1855,30
US-1856,154
US-1857,16
US-1858,30
US-1859,128
US-1860,39
US-1861,49
US-1862,66
US-1863,10
US-1864,318
US-1865,16
US-1866,46
US-1867,112
US-1868,79
US-1869,52
US-1870,72
US-1871,49
US-1872,16
US-1873,52
US-1874,16
US-1875,46
US-1876,30
US-1877,131
US-1878,89
US-1879,52
US-1880,10
US-1881,20
US-1882,43
US-1883,39
US-1884,16
US-1885,33
US-1886,36
US-1887,39
US-1888,92
US-1889,121
US-1890,249
US-1891,105
US-1892,66
US-1893,118
US-1894,72
US-1895,171
US-1896,118
US-1897,16
US-1898,33
US-1899,10
US-1900,13
US-1901,20
US-1902,233
US-1903,0
US-1904,39
US-1905,16
US-1906,75
US-1907,49
US-1908,46
US-1909,23
US-1910,16
US-1911,92
US-1912,102
US-1913,92
US-1914,13
US-1915,56
US-1916,3
US-1917,0
US-1918,20
US-1919,131
US-1920,0
US-1921,92
US-1922,171
US-1923,26
US-1924,289
US-1925,59
US-1926,46
US-1927,105
US-1928,10
US-1929,108
US-1930,39
US-1931,784
US-1932,748
US-1933,876
US-1934,1217
US-1935,909
US-1936,784
US-1937,1027
US-1938,876
US-1939,823
US-1940,922
US-1941,594
US-1942,591
US-1943,965
US-1944,574
US-1945,856
US-1946,932
US-1947,823
US-1948,853
US-1949,574
US-1950,915
US-1951,587
US-1952,620
US-1953,869
US-1954,719
US-1955,1129
US-1956,801
US-1957,587
US-1958,945
US-1959,974
US-1960,669
US-1961,1007
US-1962,735
US-1963,1276
US-1964,928
US-1965,594
US-1966,1079
US-1967,728
US-1968,876
US-1969,922
US-1970,961
US-1971,768
US-1972,732
US-1973,974
US-1974,1138
US-1975,656
US-1976,574
US-1977,928
US-1978,896
US-1979,1112
US-1980,1007
US-1981,564
US-1982,876
US-1983,879
US-1984,1053
US-1985,1207
US-1986,1076
US-1987,1178
US-1988,915
US-1989,860
US-1990,856
US-1991,755
US-1992,653
US-1993,912
US-1994,892
US-1995,965
US-1996,837
US-1997,1027
US-1998,761
US-1999,1020
US-2000,853
US-2001,1686
US-2002,390
US-2003,1637
US-2004,600
US-2005,7
US-2006,335
US-2007,315
US-2008,33
US-2009,0
US-2010,568
US-2011,587
US-2012,262
US-2013,43
US-2014,131
US-2015,1909
US-2016,371
US-2017,1713
US-2018,118
US-2019,89
US-2020,581
US-2021,591
US-2022,262
US-2023,679
US-2024,66
US-2025,72
US-2026,705
US-2027,299
US-2028,20
US-2029,476
US-2030,282
US-2031,266
US-2032,1001
US-2033,1447
US-2034,315
US-2035,889
US-2036,1076
US-2037,728
US-2038,217
US-2039,230
US-2040,85
US-2041,315
US-2042,121
US-2043,938
US-2044,620
US-2045,564
US-2047,256
US-2048,738
US-2049,7
US-2050,312
US-2051,597
US-2052,364
US-2053,781
US-2054,282
US-2055,256
US-2056,495
US-2057,344
US-2058,299
US-2059,10
US-2060,1555
US-2061,3
US-2062,1247
US-2063,269
US-2064,463
US-2065,1565
US-2066,262
US-2067,492
US-2068,272
US-2069,656
US-2070,30
US-2071,1214
US-2072,46
US-2073,528
US-2074,722
US-2075,919
US-2076,33
US-2077,807
US-2078,423
US-2079,43
US-2080,43
US-2081,16
US-2082,299
US-2083,358
US-2084,344
US-2085,1161
US-2086,7
US-2087,312
US-2088,259
US-2089,965
US-2090,981
US-2091,240
US-2092,646
US-2093,1316
US-2094,722
US-2095,285
US-2096,666
US-2097,486
US-2098,446
US-2099,505
US-2100,702
US-2101,148
US-2102,915
US-2103,289
US-2104,741
US-2105,259
US-2106,1352
US-2107,1158
US-2108,66
US-2109,33
US-2110,453
US-2111,3
US-2112,1070
US-2113,348
US-2114,66
US-2115,-16
US-2116,272
US-2117,56
US-2118,1650
US-2119,16
US-2120,49
US-2121,1289
US-2122,909
US-2123,95
US-2124,604
US-2125,52
US-2126,328
US-2127,889
US-2128,26
US-2129,1791
US-2130,0
US-2131,240
US-2132,207
US-2133,545
US-2134,272
US-2135,315
US-2136,36
US-2137,1184
US-2138,322
US-2139,463
US-2140,49
US-2141,1404
US-2142,266
US-2144,817
US-2145,820
US-2146,922
US-2147,62
US-2148,702
US-2149,177
US-2150,482
US-2151,1306
US-2152,236
US-2153,43
US-2154,394
US-2155,282
US-2156,830
US-2157,312
US-2158,249
US-2159,1463
US-2161,154
US-2162,276
US-2163,1079
US-2164,584
US-2165,600
US-2166,2621
US-2167,3117
US-2168,755
US-2169,1772
US-2170,49
US-2171,1191
US-2172,427
US-2173,1348
US-2174,253
US-2175,10
US-2176,2690
US-2177,912
US-2178,233
US-2179,253
US-2180,246
US-2181,295
US-2182,223
US-2183,367
US-2184,673
US-2185,669
US-2186,476
US-2187,712
US-2188,141
US-2189,217
US-2190,243
US-2191,420
US-2192,1893
US-2193,935
US-2194,974
US-2195,246
US-2196,617
US-2197,115
US-2198,62
US-2199,1594
US-2200,138
US-2201,899
US-2202,1680
US-2203,758
US-2204,1739
US-2205,735
US-2206,2326
US-2207,554
US-2208,1217
US-2209,39
US-2210,46
US-2211,46
US-2212,75
US-2213,390
US-2214,148
US-2215,3704
US-2216,0
US-2217,85
US-2218,938
US-2219,1677
US-2220,16
US-2221,1335
US-2222,581
US-2223,3320
US-2224,112
US-2225,364
US-2226,417
US-2227,489
US-2228,5965
US-2229,2464
US-2230,6430
US-2231,2182
US-2232,2221
US-2233,2533
US-2234,2428
US-2235,6132
US-2236,797
US-2237,6545
US-2238,2201
US-2239,4839
US-2240,4183
US-2241,5013
US-2242,3012
US-2243,4308
US-2244,3579
US-2245,5069
US-2246,2543
US-2247,2218
US-2248,3222
US-2249,2543
US-2250,3911
US-2251,873
US-2252,958
US-2253,646
US-2254,837
US-2255,427
US-2256,837
US-2257,482
US-2258,627
US-2259,499
US-2260,755
US-2261,928
US-2262,797
US-2263,833
US-2264,1027
US-2265,807
US-2266,581
US-2267,784
US-2268,620
US-2269,689
US-2270,1079
US-2271,748
US-2272,640
US-2273,932
US-2274,702
US-2275,906
US-2276,1204
US-2277,1040
US-2278,814
US-2279,1125
US-2280,630
US-2281,951
US-2282,1224
US-2283,915
US-2284,1266
US-2285,981
US-2286,1447
US-2287,797
US-2288,1440
US-2289,705
US-2290,853
US-2291,1293
US-2292,1430
US-2293,991
US-2294,617
US-2295,889
US-2296,1276
US-2297,699
US-2298,823
US-2299,751
US-2300,965
US-2301,1178
US-2302,748
US-2303,1086
US-2304,1070
US-2305,915
US-2306,1257
US-2307,1394
US-2308,1070
US-2309,1234
US-2310,912
US-2311,1142
US-2312,1440
US-2313,1368
US-2314,1060
US-2315,1243
US-2316,1263
US-2317,997
US-2318,1240
US-2319,922
US-2320,1073
US-2321,1181
US-2322,1453
US-2323,1214
US-2324,1027
US-2325,1240
US-2326,810
US-2327,922
US-2328,1257
US-2329,623
US-2330,2119
US-2331,1467
US-2332,994
US-2333,988
US-2334,978
US-2335,1079
US-2336,1381
US-2337,892
US-2338,1001
US-2339,1509
US-2340,932
US-2341,886
US-2342,1516
US-2343,1588
US-2344,2490
US-2345,1286
US-2346,1558
US-2347,1037
US-2348,1017
US-2349,2310
US-2350,1066
US-2351,1601
US-2352,2835
US-2353,1043
US-2354,1916
US-2355,1562
US-2356,16
US-2357,135
US-2358,164
US-2359,121
US-2360,13
US-2361,16
US-2362,52
US-2363,13
US-2364,39
US-2365,269
US-2366,207
US-2367,85
US-2368,282
US-2369,180
US-2370,26
US-2371,276
US-2372,52
US-2373,121
US-2374,30
US-2375,62
US-2376,230
US-2377,43
US-2378,810
US-2379,312
US-2380,535
US-2381,600
US-2382,0
US-2383,341
US-2384,220
US-2385,16
US-2386,3
US-2387,66
US-2388,39
US-2389,30
US-2390,1509
US-2391,102
US-2392,525
US-2393,98
US-2394,1056
US-2395,82
US-2396,26
US-2397,1493
US-2398,1033
US-2399,-7
US-2400,180
US-2401,318
US-2402,374
US-2403,16
US-2404,72
US-2405,335
US-2406,1539
US-2407,10
US-2408,20
US-2409,269
US-2410,49
US-2411,210
US-2412,56
US-2413,115
US-2414,0
US-2415,62
US-2416,180
US-2417,308
US-2418,1332
US-2419,259
US-2420,243
US-2421,85
US-2422,141
US-2423,728
US-2424,223
US-2425,223
US-2426,1152
US-2427,154
US-2428,538
US-2429,30
US-2430,-23
US-2431,1125
US-2432,26
US-2433,-46
US-2435,180
US-2436,167
US-2437,105
US-2438,259
US-2439,89
US-2440,387
US-2442,889
US-2443,62
US-2444,95
US-2445,3
US-2446,-10
US-2447,108
US-2448,1093
US-2449,951
US-2450,991
US-2451,62
US-2452,381
US-2453,-16
US-2454,358
US-2455,213
US-2456,79
US-2457,876
US-2458,758
US-2459,1322
US-2460,-3
US-2461,33
US-2462,620
US-2463,728
US-2464,335
US-2465,177
US-2466,709
US-2467,1129
US-2468,1552
US-2469,899
US-2470,997
US-2471,1617
US-2472,974
US-2473,1486
US-2474,1053
US-2475,725
US-2476,1132
US-2477,1181
US-2478,1237
US-2479,837
US-2480,1165
US-2481,915
US-2482,682
US-2483,1102
US-2484,774
US-2485,1378
US-2486,1270
US-2487,1339
US-2488,650
US-2489,633
US-2490,1257
US-2491,1198
US-2493,745
US-2494,1516
US-2495,751
US-2496,715
US-2497,627
US-2498,1414
US-2499,981
US-2500,1388
US-2501,991
US-2502,1401
US-2503,1293
US-2504,1040
US-2505,1483
US-2506,1503
US-2507,1398
US-2508,1394
US-2509,1299
US-2510,833
US-2511,1240
US-2512,1109
US-2513,1243
US-2514,1220
US-2515,984
US-2516,1316
US-2517,902
US-2518,1099
US-2519,1299
US-2520,1398
US-2521,1325
US-2522,1224
US-2523,1637
US-2524,728
US-2525,686
US-2526,722
US-2528,879
US-2529,830
US-2530,807
US-2531,1119
US-2532,33
US-2533,344
US-2534,121
US-2535,299
US-2536,469
US-2537,177
US-2538,410
US-2539,276
US-2540,341
US-2541,476
US-2542,371
US-2543,279
US-2544,295
US-2545,495
US-2546,128
US-2547,371
US-2548,276
US-2549,440
US-2550,620
US-2551,36
US-2552,617
US-2553,390
US-2554,453
US-2555,423
US-2556,4308
US-2557,5210
US-2558,5814
US-2559,5092
US-2560,3612
US-2561,2907
US-2562,3658
US-2563,2011
US-2564,4078
US-2565,5079
US-2566,4239
US-2567,3087
US-2568,6539
US-2569,3009
US-2570,3409
US-2571,2972
US-2572,3284
US-2573,3031
US-2574,3261
US-2576,3983
US-2577,2264
US-2578,3209
US-2579,3786
US-2580,3077
US-2581,5098
US-2582,3333
US-2583,3632
US-2584,6165
US-2585,4308
US-2586,2096
US-2587,3173
US-2588,3301
US-2589,4049
US-2590,4754
US-2591,3533
US-2592,2339
US-2593,4163
US-2594,4301
US-2595,3927
US-2596,4291
US-2597,4426
US-2598,3901
US-2599,2349
US-2600,3432
US-2601,3458
US-2602,3186
US-2603,3009
US-2604,3009
US-2605,3031
US-2606,3301
US-2607,2972
US-2608,1722
US-2609,3383
US-2610,1070
US-2611,3241
US-2612,2825
US-2613,3832
US-2614,1181
US-2615,1050
US-2616,2123
US-2617,2142
US-2618,3835
US-2619,1175
US-2620,1316
US-2621,1175
US-2622,1309
US-2623,1352
US-2624,2316
US-2625,5240
US-2626,6926
US-2627,4843
US-2628,7293
US-2629,4357
US-2630,5354
US-2631,4272
US-2632,4511
US-2633,7881
US-2634,4787
US-2635,3763
US-2636,5863
US-2637,2021
US-2638,6332
US-2639,7037
US-2640,5049
US-2641,505
US-2642,1260
US-2643,374
US-2644,2028
US-2645,358
US-2646,2260
US-2647,1329
US-2648,1509
US-2649,538
US-2650,1670
US-2651,515
US-2652,1588
US-2653,2011
US-2654,1352
US-2655,873
US-2656,13
US-2657,1260
US-2658,144
US-2659,1378
US-2660,1371
US-2661,1654
US-2662,1503
US-2663,1263
US-2664,1378
US-2665,955
US-2666,1096
US-2667,6243
US-2668,1096
US-2669,23
US-2670,659
US-2671,33
US-2672,400
US-2673,1657
US-2674,938
US-2675,1243
US-2676,1145
US-2677,7
US-2678,282
US-2679,1237
US-2680,935
US-2681,1460
US-2682,617
US-2683,551
US-2684,486
US-2685,1808
US-2686,7425
US-2687,3465
US-2688,3291
US-2689,4272
US-2690,5778
US-2691,7700
US-2692,5220
US-2693,5171
US-2694,4291
US-2695,7684
US-2696,8219
US-2697,4482
US-2698,6939
US-2699,7674
US-2700,7175
US-2701,8422
US-2702,4006
US-2703,3451
US-2704,7260
US-2705,3862
US-2706,7949
US-2707,6276
US-2708,4068
US-2709,4734
US-2710,4062
US-2711,4160
US-2712,4977
US-2713,4610
US-2714,4806
US-2715,6617
US-2716,7149
US-2717,4318
US-2718,3832
US-2719,8445
US-2720,6099
US-2721,85
US-2722,13
US-2723,174
US-2724,2612
US-2725,151
US-2726,902
US-2727,52
US-2728,4514
US-2729,476
US-2730,0
US-2731,16
US-2732,3294
US-2733,4026
US-2734,0
US-2735,1614
US-2737,39
US-2738,75
US-2739,1306
US-2740,810
US-2741,66
US-2742,62
US-2743,764
US-2744,197
US-2745,69
US-2746,627
US-2747,6230
US-2748,2740
US-2749,20
US-2750,1207
US-2751,285
US-2752,75
US-2753,1407
US-2754,1598
US-2755,486
US-2756,2011
US-2757,1677
US-2758,1752
US-2759,1184
US-2760,1883
US-2761,1470
US-2762,981
US-2763,2169
US-2764,1873
US-2765,1929
US-2766,2379
US-2767,2280
US-2768,948
US-2769,1755
US-2770,787
US-2771,702
US-2772,768
US-2773,4314
US-2774,1900
US-2775,682
US-2776,669
US-2777,738
US-2778,699
US-2779,1394
US-2780,1713
US-2781,1430
US-2782,1453
US-2783,1237
US-2784,689
US-2786,810
US-2787,463
US-2788,810
US-2789,646
US-2790,771
US-2791,666
US-2792,1099
US-2793,492
US-2794,1473
US-2795,653
US-2796,1043
US-2797,764
US-2798,492
US-2799,1657
US-2800,869
US-2801,1444
US-2802,600
US-2803,627
US-2805,686
US-2806,1086
US-2807,741
US-2808,830
US-2809,108
US-2810,728
US-2811,72
US-2812,4058
US-2813,49
US-2814,23
US-2815,167
US-2816,43
US-2817,105
US-2818,279
US-2819,82
US-2820,52
US-2821,909
US-2822,3271
US-2823,4531
US-2824,4216
US-2825,584
US-2826,712
US-2827,636
US-2828,722
US-2829,105
US-2830,85
US-2831,138
US-2832,397
US-2833,3018
US-2834,43
US-2835,161
US-2836,1365
US-2837,249
US-2838,935
US-2839,4252
US-2840,2703
US-2841,92
US-2842,256
US-2843,381
US-2844,105
US-2845,13
US-2846,184
US-2847,187
US-2848,279
US-2849,3225
US-2850,33
US-2851,95
US-2852,1368
US-2853,2828
US-2854,43
US-2855,66
US-2856,121
US-2857,2001
US-2858,4337
US-2859,3232
US-2860,102
US-2861,1047
US-2862,148
US-2863,4452
US-2864,2720
US-2865,1050
US-2866,118
US-2867,108
US-2868,-66
US-2869,82
US-2870,-39
US-2871,118
US-2872,-49
US-2873,69
US-2874,-52
US-2875,-46
US-2876,-3
US-2877,-52
US-2878,157
US-2879,-59
US-2880,335
US-2881,131
US-2882,295
US-2883,591
US-2884,440
US-2885,282
US-2886,3150
US-2887,600
US-2888,138
US-2889,466
US-2890,128
US-2891,732
US-2892,1132
US-2893,351
US-2894,16
US-2895,105
US-2896,233
US-2897,466
US-2898,443
US-2899,0
US-2900,0
US-2901,1345
US-2902,879
US-2903,92
US-2904,577
US-2905,230
US-2906,79
US-2907,0
US-2908,1781
US-2909,1079
US-2910,187
US-2911,728
US-2912,174
US-2913,453
US-2914,1106
US-2915,148
US-2916,3186
US-2917,4406
US-2918,1821
US-2919,1430
US-2920,1066
US-2921,1657
US-2922,1499
US-2923,1637
US-2924,1467
US-2925,1791
US-2926,1949
US-2927,1253
US-2928,430
US-2929,331
US-2930,423
US-2931,1056
US-2932,489
US-2933,696
US-2934,856
US-2935,689
US-2936,594
US-2937,1017
US-2938,1037
US-2939,1768
US-2940,942
US-2941,974
US-2942,1378
US-2943,502
US-2944,787
US-2945,1726
US-2946,906
US-2947,397
US-2948,1371
US-2949,512
US-2950,666
US-2951,715
US-2952,768
US-2953,968
US-2954,436
US-2955,1496
US-2956,535
US-2957,427
US-2958,715
US-2959,397
US-2960,614
US-2961,653
US-2962,1286
US-2963,1040
US-2964,1102
US-2965,397
US-2966,1604
US-2967,469
US-2968,417
US-2969,404
US-2970,886
US-2971,305
US-2972,3009
US-2973,932
US-2974,2940
US-2975,981
US-2976,1030
US-2978,955
US-2979,1476
US-2980,961
US-2981,253
US-2982,1289
US-2983,1995
US-2984,384
US-2985,3304
US-2986,535
US-2987,138
US-2988,4186
US-2989,2779
US-2990,1316
US-2991,650
US-2992,59
US-2993,335
US-2994,348
US-2995,2411
US-2996,574
US-2997,230
US-2998,764
US-2999,1325
US-3000,509
US-3001,1460
US-3002,469
US-3003,4974
US-3004,735
US-3005,702
US-3006,82
US-3008,341
US-3009,325
US-3010,479
US-3011,1099
US-3012,5965
US-3013,16
US-3014,1421
US-3015,157
US-3016,30
US-3017,1178
US-3018,4495
US-3019,427
US-3020,942
US-3021,1736
US-3022,951
US-3023,436
US-3024,1476
US-3025,472
US-3026,2110
US-3027,138
US-3028,180
US-3029,906
US-3030,289
US-3031,446
US-3032,564
US-3033,518
US-3034,1391
US-3035,1421
US-3036,377
US-3037,157
US-3038,581
US-3039,1024
US-3040,354
US-3041,2726
US-3042,728
US-3043,10
US-3044,1919
US-3045,348
US-3046,2812
US-3047,1043
US-3048,915
US-3049,1220
US-3050,427
US-3051,666
US-3052,59
US-3053,1969
US-3054,10
US-3055,1339
US-3056,56
US-3057,1985
US-3058,161
US-3059,627
US-3060,62
US-3061,20
US-3062,6007
US-3063,5948
US-3064,4892
US-3065,5899
US-3066,5919
US-3067,6017
US-3068,5928
US-3069,6102
US-3070,6056
US-3071,5922
US-3072,5797
US-3073,4928
US-3074,4846
US-3075,4216
US-3076,4072
US-3077,3609
US-3078,5833
US-3079,4675
US-3080,6214
US-3081,5758
US-3082,6227
US-3083,6362
US-3084,5879
US-3085,6004
US-3086,3146
US-3087,5607
US-3088,6076
US-3089,3022
US-3090,7740
US-3091,3389
US-3092,5843
US-3093,5492
US-3094,4501
US-3095,5804
US-3096,4222
US-3097,5023
US-3098,85
US-3099,1952
US-3100,1138
US-3101,427
US-3102,1142
US-3103,610
US-3104,1207
US-3105,108
US-3106,131
US-3107,2559
US-3108,1096
US-3109,1667
US-3110,968
US-3111,167
US-3112,1178
US-3113,778
US-3114,610
US-3115,1650
US-3116,138
US-3117,1299
US-3118,778
US-3119,1837
US-3120,679
US-3121,95
US-3122,1532
US-3123,125
US-3124,138
US-3125,112
US-3126,512
US-3127,525
US-3128,892
US-3129,781
US-3130,1404
US-3131,1355
US-3132,1886
US-3133,620
US-3134,394
US-3135,1765
US-3136,207
US-3137,102
US-3138,679
US-3139,1148
US-3140,112
US-3141,2064
US-3142,1768
US-3143,1394
US-3144,1483
US-3145,1142
US-3146,1096
US-3147,909
US-3148,636
US-3149,1831
US-3150,591
US-3151,318
US-3152,2339
US-3153,98
US-3154,1243
US-3155,266
US-3156,614
US-3157,85
US-3158,364
US-3159,62
US-3160,79
US-3161,30
US-3162,0
US-3163,515
US-3164,3
US-3165,991
US-3166,551
US-3167,2694
US-3168,338
US-3169,233
US-3170,43
US-3171,1614
US-3172,0
US-3173,1348
US-3174,2303
US-3175,2720
US-3176,2457
US-3177,0
US-3178,728
US-3179,246
US-3180,240
US-3181,20
US-3182,164
US-3183,125
US-3184,0
US-3185,1860
US-3186,3996
US-3187,194
US-3188,151
US-3189,689
US-3190,223
US-3191,167
US-3192,1417
US-3193,305
US-3194,259
US-3195,2080
US-3196,26
US-3197,13
US-3198,233
US-3199,217
US-3200,56
US-3201,482
US-3202,184
US-3203,1030
US-3204,108
US-3205,164
US-3206,125
US-3207,141
US-3208,23
US-3209,853
US-3210,82
US-3211,131
US-3212,308
US-3213,1181
US-3214,2267
US-3215,207
US-3216,52
US-3217,253
US-3218,1923
US-3219,151
US-3220,82
US-3221,482
US-3222,1417
US-3223,66
US-3224,728
US-3225,568
US-3226,30
US-3227,115
US-3228,177
US-3229,20
US-3230,-33
US-3231,226
US-3232,440
US-3233,3219
US-3234,5095
US-3235,26
US-3236,830
US-3237,177
US-3238,23
US-3239,1240
US-3240,1539
US-3241,7
US-3242,20
US-3243,650
US-3244,230
US-3245,154
US-3246,56
US-3247,1929
US-3248,125
US-3249,1447
US-3250,112
US-3251,0
US-3252,1050
US-3253,0
US-3254,390
US-3255,180
US-3256,39
US-3257,1709
US-3258,564
US-3259,341
US-3260,95
US-3261,367
US-3262,69
US-3263,105
US-3264,154
US-3265,653
US-3266,161
US-3267,0
US-3268,0
US-3269,0
US-3270,299
US-3271,157
US-3272,1663
US-3273,3104
US-3274,1588
US-3275,3593
US-3276,2349
US-3277,0
US-3278,0
US-3279,26
US-3280,1296
US-3281,79
US-3282,89
US-3283,105
US-3284,59
US-3285,1122
US-3286,39
US-3287,1991
US-3288,630
US-3289,7
US-3290,20
US-3291,1007
US-3292,6798
US-3293,4747
US-3294,5459
US-3295,7169
US-3296,5069
US-3297,4826
US-3298,4518
US-3299,4386
US-3300,4144
US-3301,6417
US-3302,6198
US-3303,1158
US-3304,594
US-3305,594
US-3306,1411
US-3307,1004
US-3308,682
US-3309,581
US-3310,873
US-3311,627
US-3312,965
US-3313,978
US-3314,758
US-3315,919
US-3316,856
US-3317,1056
US-3318,643
US-3319,856
US-3320,919
US-3321,1093
US-3322,922
US-3323,968
US-3324,958
US-3325,922
US-3326,656
US-3327,755
US-3328,597
US-3329,623
US-3330,719
US-3331,1066
US-3332,971
US-3333,627
US-3334,764
US-3335,728
US-3336,699
US-3337,997
US-3338,876
US-3339,883
US-3340,958
US-3341,420
US-3342,692
US-3343,856
US-3344,564
US-3345,801
US-3346,528
US-3347,1004
US-3348,400
US-3349,479
US-3350,814
US-3351,538
US-3352,305
US-3353,525
US-3354,738
US-3355,728
US-3356,663
US-3357,456
US-3358,846
US-3359,627
US-3360,1073
US-3361,837
US-3362,486
US-3363,676
US-3364,531
US-3365,984
US-3366,302
US-3367,709
US-3368,1010
US-3369,1001
US-3370,413
US-3371,3553
US-3372,3028
US-3373,3757
US-3374,1739
US-3375,1880
US-3376,2536
US-3377,958
US-3378,2753
US-3379,600
US-3380,1106
US-3382,0
US-3383,1014
US-3384,942
US-3385,4242
US-3386,8491
US-3387,3402
US-3389,6998
US-3390,433
US-3391,1047
US-3392,1667
US-3393,1755
US-3394,23
US-3395,1339
US-3396,2753
US-3397,2661
US-3398,223
US-3399,3
US-3400,794
US-3402,118
US-3403,381
US-3404,10
US-3405,958
US-3406,36
US-3407,16
US-3408,207
US-3409,213
US-3410,8379
US-3411,0
US-3412,945
US-3413,56
US-3415,23
US-3416,1552
US-3417,256
US-3418,20
US-3419,2464
US-3420,148
US-3421,207
US-3422,2146
US-3423,66
US-3424,1772
US-3425,0
US-3426,26
US-3427,10
US-3428,52
US-3429,23
US-3430,0
US-3431,2733
US-3432,548
US-3433,187
US-3434,26
US-3435,59
US-3436,3202
US-3437,0
US-3438,0
US-3439,0
US-3440,236
US-3441,1578
US-3442,33
US-3443,712
US-3444,3848
US-3445,0
US-3446,2356
US-3447,541
US-3448,663
US-3449,886
US-3450,436
US-3451,472
US-3452,6243
US-3453,728
US-3454,308
US-3455,843
US-3456,833
US-3457,1568
US-3458,6293
US-3459,43
US-3460,52
US-3461,0
US-3462,308
US-3463,771
US-3464,161
US-3465,1237
US-3466,3451
US-3467,23
US-3468,0
US-3469,0
US-3470,151
US-3471,3
US-3472,889
US-3473,151
US-3474,6391
US-3475,92
US-3476,20
US-3477,-13
US-3478,1476
US-3479,0
US-3480,16
US-3481,0
US-3482,52
US-3483,2349
US-3484,2477
US-3485,2073
US-3486,1749
US-3487,994
US-3488,1749
US-3489,1749
US-3490,1716
US-3491,1227
US-3492,1946
US-3493,1299
US-3496,95
US-3497,2293
US-3498,1545
US-3499,1732
US-3500,344
US-3501,2579
US-3502,180
US-3503,1033
US-3504,1526
US-3505,1194
US-3506,82
US-3507,2231
US-3508,443
US-3509,23
US-3510,26
US-3511,33
US-3512,230
US-3514,587
US-3515,948
US-3516,1161
US-3517,568
US-3518,584
US-3519,594
US-3520,761
US-3521,804
US-3522,135
US-3523,23
US-3524,371
US-3525,23
US-3526,33
US-3527,89
US-3528,36
US-3529,0
US-3530,13
US-3531,151
US-3532,180
US-3533,7
US-3534,177
US-3535,30
US-3536,36
US-3537,0
US-3538,768
US-3539,112
US-3541,0
US-3542,125
US-3543,62
US-3544,338
US-3545,1476
US-3546,36
US-3547,886
US-3548,367
US-3549,98
US-3550,16
US-3551,23
US-3552,-236
US-3553,0
US-3554,115
US-3555,62
US-3556,49
US-3557,220
US-3558,518
US-3559,3
US-3561,1880
US-3562,79
US-3563,36
US-3564,1066
US-3565,43
US-3566,10
US-3567,1096
US-3568,10
US-3569,3379
US-3570,92
US-3571,974
US-3572,43
US-3573,5174
US-3574,0
US-3575,43
US-3576,6335
US-3577,187
US-3578,7
US-3579,4698
US-3580,10
US-3581,259
US-3582,0
US-3583,302
US-3584,243
US-3585,0
US-3586,2877
US-3587,6329
US-3588,2270
US-3589,108
US-3590,2047
US-3591,43
US-3592,3822
US-3593,3084
US-3594,59
US-3595,522
US-3596,295
US-3597,66
US-3598,210
US-3599,7
US-3600,161
US-3601,489
US-3602,607
US-3603,741
US-3604,33
US-3605,108
US-3606,23
US-3607,98
US-3608,62
US-3609,59
US-3610,33
US-3611,30
US-3612,0
US-3613,16
US-3614,26
US-3615,105
US-3616,79
US-3617,16
US-3618,30
US-3619,7
US-3620,0
US-3621,92
US-3622,13
US-3623,16
US-3624,157
US-3625,26
US-3626,13
US-3627,128
US-3628,0
US-3629,56
US-3630,16
US-3631,16
US-3632,72
US-3633,30
US-3634,20
US-3635,10
US-3636,82
US-3637,115
US-3638,105
US-3639,75
US-3640,30
US-3641,33
US-3642,187
US-3643,52
US-3644,56
US-3645,154
US-3646,82
US-3647,59
US-3648,30
US-3649,52
US-3650,39
US-3651,148
US-3652,0
US-3653,0
US-3654,20
US-3655,39
US-3656,128
US-3657,26
US-3658,69
US-3659,23
US-3660,33
US-3661,59
US-3662,30
US-3663,13
US-3664,43
US-3665,33
US-3666,46
US-3667,79
US-3668,39
US-3669,46
US-3670,26
US-3671,52
US-3672,6299
US-3673,1401
US-3674,1024
US-3675,942
US-3676,194
US-3677,338
US-3678,131
US-3679,404
US-3680,410
US-3681,715
US-3682,2251
US-3683,1086
US-3684,459
US-3685,377
US-3686,89
US-3687,1165
US-3688,174
US-3689,860
US-3690,223
US-3691,23
US-3692,10
US-3693,1047
US-3694,1772
US-3695,620
US-3696,36
US-3697,207
US-3698,571
US-3699,13
US-3700,131
US-3701,469
US-3702,364
US-3703,951
US-3704,558
US-3705,597
US-3706,902
US-3707,226
US-3708,256
US-3709,666
US-3710,26
US-3711,20
US-3712,417
US-3713,479
US-3714,518
US-3715,696
US-3716,7
US-3717,72
US-3718,1381
US-3719,69
US-3720,545
US-3721,328
US-3722,643
US-3723,1109
US-3724,1076
US-3725,52
US-3726,328
US-3727,719
US-3728,472
US-3729,719
US-3730,20
US-3731,551
US-3733,361
US-3734,633
US-3735,85
US-3736,741
US-3737,118
US-3738,666
US-3739,197
US-3740,39
US-3741,705
US-3742,837
US-3743,1266
US-3744,240
US-3745,115
US-3746,161
US-3747,545
US-3748,164
US-3749,289
US-3750,338
US-3751,240
US-3752,46
US-3753,669
US-3754,699
US-3755,190
US-3756,866
US-3757,784
US-3758,915
US-3759,62
US-3760,187
US-3761,476
US-3762,364
US-3763,525
US-3764,115
US-3765,0
US-3766,33
US-3767,95
US-3768,141
US-3769,194
US-3770,256
US-3771,82
US-3772,551
US-3773,59
US-3774,26
US-3775,95
US-3776,610
US-3777,1053
US-3778,184
US-3779,515
US-3781,1053
US-3782,1043
US-3783,623
US-3784,896
US-3785,892
US-3786,1033
US-3787,961
US-3788,354
US-3789,961
US-3790,407
US-3791,538
US-3792,646
US-3793,322
US-3794,866
US-3795,440
US-3796,541
US-3797,322
US-3798,1115
US-3799,1033
US-3800,869
US-3801,833
US-3802,817
US-3803,308
US-3804,1519
US-3805,925
US-3806,732
US-3807,919
US-3808,322
US-3809,942
US-3810,814
US-3811,955
US-3812,925
US-3813,899
US-3814,2690
US-3815,456
US-3816,673
US-3817,453
US-3818,413
US-3819,351
US-3820,482
US-3821,505
US-3822,548
US-3823,554
US-3824,991
US-3825,1024
US-3826,912
US-3827,302
US-3828,420
US-3829,781
US-3830,358
US-3831,541
US-3832,2106
US-3833,692
US-3834,581
US-3835,463
US-3836,925
US-3837,367
US-3838,335
US-3839,778
US-3840,453
US-3841,344
US-3842,3
US-3843,751
US-3844,240
US-3845,341
US-3846,3340
US-3847,709
US-3848,486
US-3849,23
US-3850,-49
US-3851,479
US-3852,30
US-3853,0
US-3854,203
US-3857,463
US-3859,427
US-3860,23
US-3861,541
US-3862,39
US-3863,36
US-3864,-3
US-3865,7
US-3866,686
US-3867,318
US-3868,13
US-3869,4432
US-3870,49
US-3871,344
US-3872,30
US-3873,56
US-3874,272
US-3876,39
US-3877,1099
US-3878,554
US-3879,764
US-3880,269
US-3881,469
US-3882,1135
US-3883,427
US-3884,131
US-3885,492
US-3886,305
US-3887,0
US-3888,39
US-3889,52
US-3890,1631
US-3891,344
US-3892,1027
US-3893,636
US-3894,650
US-3895,1942
US-3896,43
US-3897,787
US-3898,620
US-3899,154
US-3900,62
US-3901,75
US-3902,564
US-3903,26
US-3904,154
US-3905,20
US-3906,7
US-3907,62
US-3908,-7
US-3909,712
US-3910,72
US-3911,358
US-3912,643
US-3913,49
US-3914,190
US-3916,253
US-3917,30
US-3918,348
US-3919,154
US-3921,610
US-3922,794
US-3923,1276
US-3924,676
US-3925,630
US-3926,344
US-3927,269
US-3928,1749
US-3929,1204
US-3930,367
US-3931,1237
US-3932,676
US-3933,758
US-3934,551
US-3935,1316
US-3936,1001
US-3937,220
US-3938,256
US-3939,846
US-3940,295
US-3941,1850
US-3942,735
US-3943,495
US-3944,1115
US-3945,282
US-3946,299
US-3947,1047
US-3948,240
US-3949,866
US-3950,253
US-3951,837
US-3952,686
US-3953,299
US-3954,965
US-3955,269
US-3956,617
US-3957,597
US-3958,646
US-3959,335
US-3960,285
US-3961,361
US-3962,554
US-3963,279
US-3964,279
US-3965,256
US-3966,417
US-3967,909
US-3968,810
US-3969,348
US-3970,656
US-3971,1778
US-3972,1115
US-4009,564
US-4010,1060
US-4011,1138
US-4012,1165
US-4013,1152
US-4014,1083
US-4015,1161
US-4016,1312
US-4017,1155
US-4018,1309
US-4019,1417
US-4020,1476
US-4021,1460
US-4022,1362
US-4023,1283
US-4024,1545
US-4025,1407
US-4026,1893
US-4027,1585
US-4028,1942
US-4029,1978
US-4030,1316
US-4031,1325
US-4032,1424
US-4033,1388
US-4034,1365
US-4035,1407
US-4036,1089
US-4037,1512
US-4038,1355
US-4039,1660
US-4040,1575
US-4041,1447
US-4042,161
US-4043,0
US-4044,16
US-4045,121
US-4046,154
US-4047,105
US-4048,108
US-4049,98
US-4050,10
US-4051,217
US-4052,98
US-4053,82
US-4055,249
US-4056,56
US-4057,66
US-4058,10
US-4059,89
US-4060,253
US-4061,207
US-4062,10
US-4063,13
US-4064,62
US-4065,79
US-4066,157
US-4067,13
US-4068,141
US-4069,13
US-4070,10
US-4071,33
US-4072,338
US-4073,7
US-4074,85
US-4075,69
US-4076,79
US-4077,52
US-4078,302
US-4079,3
US-4080,7
US-4081,236
US-4082,62
US-4083,174
US-4084,79
US-4085,164
US-4086,79
US-4087,341
US-4088,253
US-4089,144
US-4092,863
US-4093,732
US-4094,673
US-4095,394
US-4096,325
US-4097,564
US-4098,627
US-4099,853
US-4100,630
US-4101,436
US-4102,492
US-4103,846
US-4104,568
US-4105,509
US-4106,643
US-4107,571
US-4108,443
US-4109,584
US-4110,597
US-4111,554
US-4112,377
US-4113,322
US-4114,433
US-4115,538
US-4116,436
US-4117,594
US-4118,515
US-4119,499
US-4120,522
US-4121,328
US-4122,659
US-4123,787
US-4124,643
US-4125,669
US-4126,699
US-4127,646
US-4128,528
US-4129,633
US-4130,331
US-4131,656
US-4132,646
US-4133,604
US-4134,410
US-4135,367
US-4136,433
US-4137,791
US-4138,525
US-4139,630
US-4140,463
US-4141,705
US-4142,584
US-4143,328
US-4144,673
US-4145,650
US-4146,430
US-4147,528
US-4148,387
US-4149,574
US-4150,636
US-4151,528
US-4152,436
US-4153,610
US-4154,627
US-4155,390
US-4156,489
US-4157,571
US-4158,531
US-4159,322
US-4160,781
US-4161,774
US-4162,974
US-4163,817
US-4164,735
US-4165,571
US-4166,659
US-4167,554
US-4168,837
US-4169,781
US-4170,686
US-4171,712
US-4172,538
US-4173,541
US-4174,722
US-4175,643
US-4176,574
US-4177,797
US-4178,797
US-4179,807
US-4180,814
US-4181,558
US-4182,1010
US-4183,712
US-4184,860
US-4185,728
US-4186,902
US-4187,377
US-4188,856
US-4189,748
US-4190,679
US-4191,591
US-4192,961
US-4193,715
US-4194,748
US-4195,584
US-4196,620
US-4197,518
US-4198,541
US-4199,476
US-4200,541
US-4201,571
US-4202,886
US-4203,876
US-4204,817
US-4205,568
US-4206,627
US-4207,371
US-4208,807
US-4209,735
US-4210,715
US-4211,663
US-4212,696
US-4213,636
US-4214,751
US-4215,889
US-4216,886
US-4217,630
US-4218,922
US-4219,574
US-4220,778
US-4221,846
US-4222,591
US-4223,666
US-4224,814
US-4225,778
US-4226,1053
US-4227,735
US-4228,472
US-4229,863
US-4230,394
US-4231,472
US-4232,1060
US-4233,659
US-4234,741
US-4235,679
US-4236,659
US-4238,971
US-4239,1909
US-4242,686
US-4243,892
US-4244,594
US-4245,620
US-4246,643
US-4247,702
US-4248,633
US-4249,873
US-4250,876
US-4251,938
US-4252,1027
US-4253,886
US-4254,974
US-4255,846
US-4256,837
US-4257,1237
US-4258,610
US-4259,984
US-4260,1043
US-4261,988
US-4262,787
US-4263,1001
US-4264,833
US-4265,787
US-4266,1503
US-4267,961
US-4268,1037
US-4269,948
US-4270,1050
US-4271,1178
US-4272,1345
US-4273,925
US-4274,804
US-4275,1362
US-4276,965
US-4277,807
US-4278,935
US-4279,1033
US-4280,794
US-4281,951
US-4282,1083
US-4283,719
US-4284,850
US-4285,883
US-4286,771
US-4287,627
US-4288,797
US-4289,909
US-4290,771
US-4291,574
US-4292,1581
US-4293,896
US-4294,866
US-4295,1155
US-4296,1102
US-4297,889
US-4298,817
US-4299,1411
US-4300,1260
US-4301,666
US-4302,948
US-4303,1627
US-4304,896
US-4305,1286
US-4306,768
US-4307,807
US-4308,1171
US-4309,1273
US-4310,1138
US-4311,965
US-4312,594
US-4313,892
US-4314,764
US-4315,1010
US-4316,797
US-4317,1086
US-4318,1506
US-4319,1237
US-4320,837
US-4321,1601
US-4322,804
US-4323,1083
US-4324,1634
US-4325,741
US-4326,751
US-4327,1201
US-4328,991
US-4329,922
US-4330,1483
US-4331,781
US-4332,932
US-4333,1627
US-4334,965
US-4335,1329
US-4336,1289
US-4337,1706
US-4338,1043
US-4339,928
US-4340,1207
US-4341,771
US-4342,771
US-4343,764
US-4344,748
US-4345,1568
US-4346,896
US-4347,869
US-4348,942
US-4349,1375
US-4350,801
US-4352,1207
US-4354,607
US-4355,1568
US-4356,571
US-4357,1463
US-4358,456
US-4359,1237
US-4360,682
US-4361,1270
US-4362,577
US-4363,243
US-4364,1342
US-4365,23
US-4366,233
US-4367,0
US-4368,1388
US-4369,801
US-4370,568
US-4371,991
US-4372,922
US-4373,551
US-4374,246
US-4376,1119
US-4377,774
US-4378,4072
US-4379,4232
US-4380,5869
US-4381,4701
US-4382,5007
US-4383,945
US-4384,338
US-4385,4652
US-4386,4370
US-4387,4505
US-4388,2608
US-4389,5144
US-4390,4518
US-4391,5010
US-4392,5679
US-4393,3730
US-4394,10991
US-4395,8944
US-4396,8373
US-4397,10164
US-4398,6024
US-4399,5981
US-4400,10138
US-4401,10292
US-4402,9921
US-4403,10190
US-4404,9990
US-4405,9678
US-4406,7694
US-4407,9715
US-4408,9055
US-4409,9521
US-4410,8793
US-4411,7779
US-4412,5348
US-4413,6644
US-4414,259
US-4415,279
US-4416,200
US-4417,338
US-4418,135
US-4419,443
US-4420,174
US-4421,79
US-4422,226
US-4423,558
US-4424,968
US-4425,1923
US-4426,331
US-4427,6827
US-4428,7090
US-4429,5233
US-4430,7031
US-4431,5853
US-4432,7562
US-4433,3609
US-4434,2388
US-4435,2116
US-4436,6001
US-4437,515
US-4438,4216
US-4440,3458
US-4441,4157
US-4442,4117
US-4443,1959
US-4444,4094
US-4445,5266
US-4446,6276
US-4447,0
US-4448,62
US-4449,276
US-4450,1667
US-4451,404
US-4452,617
US-4453,5358
US-4454,2215
US-4455,3376
US-4456,7608
US-4457,2730
US-4458,6289
US-4459,5728
US-4460,5781
US-4461,4964
US-4462,4081
US-4463,6847
US-4464,2792
US-4465,3976
US-4466,3474
US-4467,2510
US-4468,6007
US-4469,5604
US-4470,108
US-4471,66
US-4472,131
US-4473,2736
US-4474,5308
US-4475,6184
US-4476,2182
US-4477,2100
US-4478,4134
US-4479,5052
US-4480,7707
US-4481,6785
US-4482,597
US-4483,610
US-4484,1401
US-4486,210
US-4487,873
US-4488,1270
US-4489,1670
US-4490,1302
US-4491,1483
US-4492,1204
US-4493,479
US-4494,322
US-4495,102
US-4496,502
US-4497,423
US-4498,410
US-4499,5138
US-4500,5883
US-4501,3501
US-4502,3054
US-4504,6827
US-4505,5318
US-4507,4820
US-4508,62
US-4509,1627
US-4510,3825
US-4511,390
US-4512,869
US-4513,9101
US-4514,7621
US-4515,6257
US-4516,8743
US-4517,6896
US-4518,1690
US-4519,26
US-4520,56
US-4521,659
US-4522,33
US-4523,1552
US-4524,6280
US-4525,1296
US-4526,1808
US-4527,2408
US-4528,3442
US-4529,1870
US-4530,4081
US-4531,2165
US-4532,200
US-4533,1450
US-4534,3914
US-4535,8573
US-4536,10259
US-4537,1302
US-4538,33
US-4539,1168
US-4540,30
US-4541,1965
US-4542,102
US-4543,1690
US-4544,6411
US-4545,2533
US-4546,994
US-4548,2871
US-4549,2805
US-4551,7927
US-4552,3980
US-4553,7579
US-4554,49
US-4555,430
US-4556,3753
US-4557,6457
US-4558,4423
US-4559,75
US-4560,335
US-4561,1214
US-4562,2940
US-4563,1247
US-4564,16
US-4565,26
US-4566,1030
US-4567,92
US-4568,223
US-4569,3763
US-4570,0
US-4571,2995
US-4572,981
US-4573,1168
US-4574,3356
US-4575,4111
US-4576,1165
US-4577,768
US-4578,850
US-4579,860
US-4580,217
US-4581,33
US-4582,98
US-4583,932
US-4584,6043
US-4585,1332
US-4586,489
US-4587,974
US-4588,958
US-4589,1263
US-4590,528
US-4591,961
US-4592,89
US-4593,13
US-4594,0
US-4595,689
US-4596,246
US-4597,328
US-4598,276
US-4600,801
US-4601,3310
US-4603,620
US-4605,6243
US-4606,2884
US-4607,5712
US-4608,1709
US-4609,92
US-4610,39
US-4611,79
US-4612,118
US-4613,138
US-4614,131
US-4615,125
US-4616,98
US-4617,52
US-4619,-3
US-4620,154
US-4621,26
US-4622,105
US-4623,72
US-4624,79
US-4625,98
US-4626,131
US-4627,43
US-4628,138
US-4629,89
US-4630,26
US-4631,30
US-4632,13
US-4633,52
US-4634,30
US-4635,62
US-4636,43
US-4637,79
US-4638,89
US-4639,69
US-4640,26
US-4641,59
US-4642,98
US-4643,39
US-4644,56
US-4645,33
US-4646,118
US-4647,410
US-4648,433
US-4649,466
US-4650,1414
US-4651,138
US-4653,1161
US-4654,220
US-4655,1093
US-4656,1053
US-4657,981
US-4658,1119
US-4659,1178
US-4660,1165
US-4661,702
US-4662,1056
US-4663,1027
US-4664,856
US-4665,3668
US-4666,4436
US-4667,515
US-4687,666
US-4688,2241
US-4689,1509
US-4690,568
US-4692,551
US-4693,1053
US-4695,52
US-4696,62
US-4697,105
US-4698,108
US-4699,89
US-4700,115
US-4701,620
US-4702,135
US-4703,1247
US-4704,358
US-4705,1007
US-4706,1677
US-4707,1473
US-4708,640
US-4709,1532
US-4710,1601
US-4711,1617
US-4712,463
US-4713,768
US-4714,1211
US-4715,1188
US-4716,991
US-4717,1824
US-4718,1555
US-4719,1965
US-4720,253
US-4721,1936
US-4722,935
US-4723,1601
US-4724,1624
US-4725,1385
US-4726,1742
US-4727,1227
US-4728,978
US-4729,764
US-4730,1043
US-4731,902
US-4732,1063
US-4733,1821
US-4734,1109
US-4735,285
US-4736,102
US-4738,1565
US-4739,768
US-4740,981
US-4741,1411
US-4742,174
US-4743,2375
US-4744,1122
US-4745,899
US-4746,154
US-4747,814
US-4748,840
US-4749,210
US-4750,1617
US-4751,994
US-4752,673
US-4754,1211
US-4755,85
US-4756,899
US-4757,135
US-4758,2405
US-4759,1329
US-4760,1896
US-4761,1598
US-4762,164
US-4763,223
US-4764,154
US-4765,2605
US-4766,883
US-4767,85
US-4768,2661
US-4769,151
US-4770,2530
US-4771,20
US-4772,282
US-4774,1194
US-4775,1257
US-4776,646
US-4777,623
US-4778,669
US-4779,909
US-4780,1434
US-4781,1302
US-4782,1499
US-4783,1230
US-4784,1362
US-4785,1211
US-4786,1365
US-4787,1319
US-4788,1371
US-4789,1411
US-4790,833
US-4791,1512
US-4792,1227
US-4793,1178
US-4794,1257
US-4795,1322
US-4796,1335
US-4797,1549
US-4798,1053
US-4799,1394
US-4800,1319
US-4801,1467
US-4802,1365
US-4803,1391
US-4804,1545
US-4805,1378
US-4806,1263
US-4807,1257
US-4808,1549
US-4809,1145
US-4810,1345
US-4811,1060
US-4812,1322
US-4813,1404
US-4814,1161
US-4815,1079
US-4816,1877
US-4817,1631
US-4818,1348
US-4819,1191
US-4820,1250
US-4821,1398
US-4822,850
US-4823,1240
US-4824,1020
US-4825,978
US-4826,1286
US-4827,1122
US-4828,1545
US-4829,1086
US-4830,1299
US-4831,1306
US-4832,1617
US-4833,1240
US-4834,1312
US-4835,1299
US-4836,1493
US-4837,1293
US-4838,971
US-4839,951
US-4840,843
US-4842,896
US-4843,1076
US-4844,3780
US-4845,4423
US-4846,5322
US-4848,4485
US-4849,5331
US-4850,4029
US-4851,3445
US-4852,79
US-4853,344
US-4854,2822
US-4855,2464
US-4856,2201
US-4857,279
US-4858,715
US-4859,1818
US-4860,85
US-4861,1214
US-4862,607
US-4863,1322
US-4865,702
US-4866,495
US-4867,951
US-4868,1184
US-4869,1070
US-4870,981
US-4871,755
US-4872,302
US-4873,764
US-4874,2372
US-4875,1319
US-4876,1266
US-4877,1496
US-4878,558
US-4879,1322
US-4880,686
US-4881,994
US-4882,558
US-4883,1178
US-4884,502
US-4885,305
US-4886,1850
US-4887,902
US-4888,463
US-4889,1699
US-4891,499
US-4892,1444
US-4893,456
US-4894,5453
US-4895,935
US-4896,669
US-4897,1220
US-4898,135
US-4899,709
US-4900,1152
US-4901,1286
US-4902,653
US-4903,843
US-4904,1007
US-4905,1795
US-4906,512
US-4907,1043
US-4908,1867
US-4909,709
US-4910,1168
US-4911,1280
US-4912,991
US-4913,266
US-4914,1532
US-4915,558
US-4916,768
US-4917,1493
US-4918,1542
US-4919,417
US-4920,735
US-4921,1217
US-4922,259
US-4923,512
US-4924,499
US-4925,656
US-4926,1844
US-4927,1434
US-4928,1047
US-4929,965
US-4930,427
US-4931,709
US-4932,942
US-4933,974
US-4934,2602
US-4935,935
US-4936,1654
US-4937,282
US-4938,371
US-4939,561
US-4940,1096
US-4941,374
US-4942,686
US-4943,1260
US-4944,607
US-4945,696
US-4946,125
US-4947,830
US-4948,1306
US-4949,879
US-4950,236
US-4951,190
US-4952,1033
US-4953,784
US-4954,308
US-4955,764
US-4956,971
US-4957,656
US-4958,1306
US-4959,1224
US-4960,968
US-4961,778
US-4962,879
US-4963,1115
US-4964,541
US-4966,344
US-4967,1594
US-4968,778
US-4969,469
US-4970,446
US-4971,1030
US-4972,427
US-4973,52
US-4974,220
US-4975,1181
US-4976,715
US-4977,568
US-4978,1893
US-4979,407
US-4980,1043
US-4981,594
US-4982,554
US-4989,1017
US-4991,889
US-4992,33
US-4993,46
US-4994,138
US-4995,827
US-4996,994
US-4997,89
US-4998,850
US-4999,820
US-5000,75
US-5001,318
US-5002,1591
US-5003,1430
US-5004,1135
US-5005,1342
US-5006,479
US-5007,1749
US-5008,1946
US-5009,1401
US-5010,1467
US-5011,1864
US-5012,1562
US-5013,1224
US-5014,2178
US-5015,1332
US-5016,764
US-5017,656
US-5018,1667
US-5019,938
US-5020,1086
US-5021,584
US-5022,899
US-5023,1608
US-5024,1047
US-5025,2087
US-5026,2087
US-5027,1391
US-5028,1519
US-5029,1572
US-5030,2149
US-5031,869
US-5032,1129
US-5033,2165
US-5034,1932
US-5035,1765
US-5036,1053
US-5037,1503
US-5038,1663
US-5039,272
US-5040,2382
US-5041,1070
US-5042,1637
US-5043,1880
US-5044,935
US-5045,1827
US-5046,1991
US-5047,1568
US-5048,1598
US-5049,1909
US-5050,1729
US-5051,1283
US-5052,1759
US-5053,341
US-5054,988
US-5055,2507
US-5056,1027
US-5057,1722
US-5058,1736
US-5059,1368
US-5060,896
US-5061,1834
US-5062,2146
US-5063,1516
US-5064,1257
US-5065,3018
US-5066,1434
US-5067,1263
US-5068,899
US-5069,1916
US-5070,1522
US-5071,1949
US-5072,1480
US-5073,1952
US-5074,2254
US-5075,705
US-5076,1729
US-5077,1827
US-5078,1447
US-5079,1952
US-5080,1234
US-5081,2175
US-5082,636
US-5083,325
US-5084,1683
US-5085,1909
US-5086,489
US-5087,1742
US-5088,1562
US-5089,1621
US-5090,1818
US-5091,1827
US-5092,2520
US-5093,1647
US-5094,1752
US-5095,1358
US-5096,1696
US-5097,1946
US-5098,1352
US-5099,1391
US-5100,1804
US-5101,1949
US-5102,469
US-5103,1079
US-5104,1959
US-5105,1818
US-5106,2201
US-5107,1814
US-5108,1821
US-5109,965
US-5110,397
US-5111,1417
US-5112,1568
US-5113,1978
US-5114,1424
US-5115,1804
US-5116,1742
US-5117,1467
US-5118,79
US-5119,1316
US-5120,1243
US-5121,948
US-5122,1096
US-5123,404
US-5124,1522
US-5125,1926
US-5126,1558
US-5127,522
US-5128,299
US-5129,889
US-5130,814
US-5131,1801
US-5132,2133
US-5133,79
US-5134,253
US-5135,1572
US-5136,1827
US-5137,2123
US-5138,1243
US-5139,1749
US-5140,420
US-5141,1644
US-5142,1969
US-5143,1421
US-5144,1050
US-5145,2021
US-5146,2064
US-5147,2106
US-5148,906
US-5149,463
US-5150,1716
US-5151,686
US-5152,817
US-5153,1775
US-5154,1329
US-5155,420
US-5156,1952
US-5157,955
US-5158,1831
US-5159,1296
US-5160,1457
US-5161,167
US-5162,1568
US-5163,1129
US-5164,1594
US-5165,1877
US-5166,1463
US-5167,1184
US-5168,1043
US-5169,1490
US-5170,1575
US-5171,2037
US-5172,889
US-5173,2008
US-5174,1804
US-5175,1581
US-5176,1070
US-5177,338
US-5178,906
US-5179,1407
US-5180,1929
US-5181,807
US-5182,1535
US-5183,1624
US-5184,1860
US-5185,1289
US-5186,1509
US-5187,1667
US-5188,1890
US-5189,354
US-5190,1988
US-5191,479
US-5193,1857
US-5194,686
US-5195,1368
US-5196,545
US-5197,2090
US-5198,2044
US-5199,1306
US-5200,850
US-5201,1227
US-5202,1736
US-5203,2070
US-5204,1558
US-5205,1788
US-5206,689
US-5207,1457
US-5208,1437
US-5209,1759
US-5210,1161
US-5211,1365
US-5212,1414
US-5213,883
US-5214,1558
US-5215,1037
US-5216,2211
US-5217,1837
US-5218,39
US-5219,1322
US-5220,46
US-5221,1322
US-5222,922
US-5223,1152
US-5225,856
US-5226,797
US-5227,1102
US-5228,650
US-5229,1864
US-5230,1926
US-5231,1194
US-5232,1056
US-5233,1250
US-5234,2192
US-5235,1837
US-5236,1352
US-5237,1801
US-5238,1752
US-5239,85
US-5240,1430
US-5241,1660
US-5242,1939
US-5243,2146
US-5244,1821
US-5245,2195
US-5246,1804
US-5247,1818
US-5248,1371
US-5249,1831
US-5250,46
US-5251,1650
US-5252,1604
US-5253,696
US-5254,1693
US-5255,2972
US-5256,459
US-5257,2234
US-5258,472
US-5259,1142
US-5260,1227
US-5261,1749
US-5262,482
US-5263,1129
US-5264,2001
US-5265,2133
US-5266,843
US-5267,246
US-5268,1519
US-5269,1526
US-5270,673
US-5271,2343
US-5272,2106
US-5273,1896
US-5274,2274
US-5275,2346
US-5276,1217
US-5277,531
US-5278,492
US-5279,1552
US-5280,1841
US-5281,951
US-5282,1778
US-5283,623
US-5284,1188
US-5285,1188
US-5286,925
US-5287,850
US-5288,1224
US-5289,492
US-5290,1877
US-5291,1657
US-5292,443
US-5293,1768
US-5294,1483
US-5295,846
US-5296,1752
US-5297,1575
US-5298,1552
US-5299,1220
US-5300,285
US-5301,764
US-5302,1847
US-5303,361
US-5304,1680
US-5305,2592
US-5306,1696
US-5307,515
US-5308,348
US-5309,1243
US-5310,686
US-5311,781
US-5312,1821
US-5313,1270
US-5314,581
US-5315,938
US-5316,548
US-5317,1696
US-5318,581
US-5319,679
US-5320,1749
US-5321,1598
US-5322,2103
US-5323,1594
US-5324,1598
US-5325,1289
US-5326,1385
US-5327,1864
US-5328,640
US-5329,2503
US-5330,144
US-5331,955
US-5332,1608
US-5333,991
US-5334,1909
US-5335,1847
US-5336,1680
US-5337,1886
US-5338,1024
US-5339,2208
US-5340,1230
US-5341,932
US-5342,1585
US-5343,1417
US-5344,1033
US-5345,1037
US-5346,912
US-5347,256
US-5348,1322
US-5349,1926
US-5350,1631
US-5351,164
US-5352,2260
US-5353,1985
US-5354,1900
US-5355,217
US-5356,2028
US-5357,692
US-5358,1722
US-5359,889
US-5360,1191
US-5361,1709
US-5362,1102
US-5363,1824
US-5364,1066
US-5365,1129
US-5366,817
US-5367,1575
US-5368,1742
US-5369,745
US-5370,804
US-5371,846
US-5372,1516
US-5373,1650
US-5374,1788
US-5375,1168
US-5376,1214
US-5377,1516
US-5378,758
US-5379,1401
US-5380,1207
US-5381,915
US-5382,1775
US-5383,512
US-5384,1194
US-5385,1211
US-5386,617
US-5387,1680
US-5388,1385
US-5389,1637
US-5390,2464
US-5391,2037
US-5392,1621
US-5393,935
US-5394,1417
US-5395,302
US-5396,1493
US-5397,1562
US-5398,1936
US-5399,1132
US-5400,1480
US-5401,2313
US-5402,1608
US-5403,1037
US-5404,902
US-5405,2116
US-5406,1519
US-5407,1886
US-5408,1775
US-5409,1847
US-5410,1362
US-5411,1509
US-5412,1913
US-5413,1627
US-5414,1332
US-5415,1732
US-5416,1352
US-5417,30
US-5418,764
US-5419,1624
US-5420,1713
US-5421,56
US-5422,1335
US-5423,1936
US-5424,1975
US-5425,1759
US-5426,2133
US-5427,1854
US-5428,75
US-5429,2129
US-5430,1640
US-5431,1434
US-5432,1752
US-5433,1906
US-5434,2060
US-5435,935
US-5436,925
US-5437,1188
US-5438,978
US-5439,1220
US-5440,889
US-5441,1010
US-5442,994
US-5443,709
US-5444,1266
US-5445,1040
US-5446,866
US-5447,761
US-5448,823
US-5449,745
US-5450,755
US-5451,1070
US-5452,1102
US-5453,906
US-5454,1194
US-5455,712
US-5456,233
US-5457,295
US-5458,4669
US-5459,1476
US-5460,4934
US-5461,630
US-5462,1726
US-5463,2211
US-5464,1650
US-5465,1631
US-5466,1781
US-5467,1719
US-5468,2703
US-5469,2385
US-5470,2169
US-5471,1959
US-5472,1909
US-5473,1972
US-5474,1778
US-5475,2008
US-5476,1745
US-5477,1975
US-5478,1266
US-5479,1352
US-5480,1657
US-5481,1024
US-5482,433
US-5483,157
US-5484,600
US-5485,341
US-5486,230
US-5487,1125
US-5488,397
US-5489,75
US-5490,1818
US-5491,604
US-5492,1486
US-5493,1821
US-5494,279
US-5495,961
US-5496,1339
US-5497,2651
US-5498,1588
US-5499,1778
US-5500,1480
US-5501,1096
US-5502,646
US-5503,682
US-5506,144
US-5507,1706
US-5508,220
US-5509,108
US-5510,348
US-5511,66
US-5512,417
US-5513,66
US-5514,144
US-5515,2464
US-5516,1631
US-5517,2585
US-5518,2070
US-5519,2388
US-5520,69
US-5521,1486
US-5522,512
US-5523,128
US-5524,128
US-5525,456
US-5526,59
US-5527,1772
US-5528,636
US-5529,1332
US-5530,758
US-5531,1194
US-5532,1952
US-5533,1519
US-5535,1296
US-5536,2766
US-5537,1227
US-5538,866
US-5539,1765
US-5540,1506
US-5541,3497
US-5542,1047
US-5543,2782
US-5544,1657
US-5545,1027
US-5547,1706
US-5548,1883
US-5549,1677
US-5550,1089
US-5551,2047
US-5552,1637
US-5553,2018
US-5554,2654
US-5555,2890
US-5556,755
US-5557,1243
US-5558,1499
US-5559,837
US-5560,1952
US-5561,2297
US-5562,3166
US-5563,1296
US-5564,341
US-5565,3376
US-5566,922
US-5567,1093
US-5568,2582
US-5569,351
US-5570,2595
US-5571,6125
US-5572,974
US-5573,2461
US-5574,620
US-5575,1263
US-5576,1056
US-5577,1047
US-5578,1024
US-5579,702
US-5580,915
US-5582,823
US-5583,2520
US-5584,2100
US-5585,2110
US-5586,1860
US-5587,810
US-5588,3317
US-5589,2920
US-5590,4669
US-5591,2979
US-5592,6463
US-5593,4003
US-5594,1752
US-5595,5066
US-5596,4767
US-5597,4816
US-5598,2785
US-5599,2474
US-5600,2123
US-5601,2372
US-5602,4797
US-5603,2270
US-5604,2192
US-5605,6224
US-5606,2933
US-5607,4780
US-5608,2083
US-5609,2507
US-5610,6913
US-5611,4780
US-5612,3068
US-5613,2192
US-5614,2556
US-5615,4918
US-5616,5279
US-5617,3353
US-5618,5161
US-5619,5646
US-5620,4380
US-5621,5682
US-5622,2116
US-5623,1401
US-5624,85
US-5625,1896
US-5626,2064
US-5627,1965
US-5628,2123
US-5629,2165
US-5630,2238
US-5631,2982
US-5632,1791
US-5633,39
US-5634,0
US-5635,3094
US-5636,1184
US-5637,1086
US-5638,830
US-5639,2402
US-5640,135
US-5641,951
US-5642,2802
US-5643,692
US-5644,1253
US-5645,1198
US-5646,3274
US-5647,1280
US-5648,1112
US-5649,1260
US-5650,1024
US-5651,1335
US-5652,1322
US-5653,1289
US-5654,1309
US-5655,4140
US-5656,1191
US-5657,1099
US-5658,1119
US-5659,1368
US-5660,3996
US-5661,3675
US-5662,1250
US-5663,1266
US-5664,3130
US-5665,1220
US-5666,2654
US-5667,2651
US-5668,2185
US-5669,3012
US-5670,66
US-5671,3127
US-5672,1024
US-5673,2608
US-5674,1148
US-5675,3074
US-5676,1125
US-5677,2218
US-5678,922
US-5679,1634
US-5680,676
US-5681,820
US-5682,561
US-5683,758
US-5684,528
US-5685,866
US-5686,728
US-5687,558
US-5688,600
US-5689,650
US-5690,574
US-5691,735
US-5692,538
US-5693,719
US-5694,2562
US-5695,16
US-5696,810
US-5697,909
US-5698,755
US-5699,610
US-5700,650
US-5701,676
US-5702,948
US-5703,689
US-5704,1165
US-5705,958
US-5706,837
US-5707,761
US-5708,794
US-5709,919
US-5710,823
US-5711,988
US-5712,1040
US-5713,1457
US-5714,948
US-5715,925
US-5716,764
US-5717,2802
US-5718,896
US-5719,3
US-5720,69
US-5721,62
US-5722,39
US-5723,26
US-5724,43
US-5725,39
US-5726,36
US-5727,43
US-5728,59
US-5729,915
US-5730,1319
US-5731,1083
US-5732,1414
US-5733,548
US-5734,1070
US-5735,1401
US-5736,1391
US-5737,1089
US-5738,1020
US-5739,1076
US-5740,1066
US-5741,2201
US-5742,2201
US-5743,1470
US-5744,997
US-5745,794
US-5746,1152
US-5747,1952
US-5748,928
US-5749,4636
US-5750,4764
US-5751,5381
US-5753,4596
US-5754,8104
US-5755,5384
US-5756,5440
US-5757,5292
US-5758,4114
US-5759,5466
US-5760,4318
US-5761,8510
US-5762,4337
US-5763,4150
US-5764,5102
US-5765,5102
US-5766,6998
US-5767,4688
US-5768,5003
US-5769,5308
US-5770,4108
US-5771,5761
US-5772,6234
US-5773,6086
US-5774,5899
US-5775,4833
US-5776,6037
US-5777,5528
US-5778,5873
US-5779,4199
US-5780,5253
US-5781,4006
US-5782,5663
US-5783,7077
US-5784,4547
US-5785,6936
US-5786,6243
US-5787,4577
US-5788,4656
US-5789,5879
US-5790,4436
US-5791,6834
US-5793,7320
US-5794,4409
US-5795,4134
US-5796,5305
US-5797,4009
US-5798,6818
US-5799,4137
US-5800,5492
US-5801,4124
US-5802,4291
US-5803,5420
US-5804,4006
US-5805,5240
US-5806,4042
US-5807,4803
US-5808,5276
US-5809,6437
US-5810,5016
US-5811,4560
US-5812,4498
US-5813,4531
US-5814,6158
US-5815,4810
US-5816,4724
US-5817,5148
US-5818,5768
US-5819,6033
US-5820,5545
US-5821,5863
US-5822,4754
US-5823,5371
US-5824,7293
US-5825,6440
US-5826,6791
US-5827,4649
US-5828,5666
US-5829,5151
US-5830,6565
US-5831,3983
US-5832,4308
US-5833,4154
US-5834,4239
US-5835,4003
US-5836,6804
US-5837,5210
US-5838,5617
US-5839,5531
US-5840,5381
US-5841,5666
US-5842,5407
US-5843,5463
US-5844,7260
US-5845,4281
US-5846,5840
US-5847,7651
US-5848,6158
US-5849,5846
US-5850,4787
US-5851,4669
US-5852,4472
US-5853,5515
US-5854,4856
US-5855,4314
US-5856,11385
US-5857,4705
US-5858,5213
US-5859,5233
US-5860,4895
US-5861,5276
US-5862,5974
US-5863,4938
US-5864,4803
US-5865,6637
US-5866,5128
US-5867,5112
US-5868,5774
US-5869,5509
US-5870,5443
US-5871,6696
US-5872,3970
US-5873,5715
US-5874,7106
US-5875,6270
US-5876,7110
US-5877,5577
US-5878,6280
US-5879,4875
US-5880,6532
US-5881,5338
US-5882,7192
US-5883,7887
US-5885,4984
US-5886,7533
US-5887,5322
US-5888,6368
US-5889,5279
US-5890,6276
US-5891,6578
US-5892,5335
US-5893,5030
US-5894,7028
US-5895,7874
US-5896,6749
US-5897,4672
US-5898,10466
US-5899,5554
US-5900,6864
US-5901,6329
US-5902,6824
US-5903,5584
US-5904,5220
US-5905,5220
US-5906,6627
US-5907,5230
US-5908,5194
US-5909,6335
US-5910,6762
US-5911,7224
US-5912,6407
US-5913,5853
US-5914,6864
US-5915,6572
US-5916,6437
US-5917,6667
US-5918,5384
US-5919,5289
US-5920,5614
US-5921,6745
US-5922,5561
US-5923,6614
US-5924,6060
US-5925,6339
US-5926,4888
US-5927,5781
US-5928,6227
US-5929,5125
US-5930,6923
US-5931,6877
US-5932,4222
US-5933,5971
US-5934,4823
US-5935,6640
US-5937,7149
US-5938,10446
US-5940,7005
US-5941,6713
US-5942,8921
US-5943,9505
US-5944,8179
US-5945,5299
US-5947,5085
US-5948,10456
US-5949,4997
US-5950,4961
US-5951,6234
US-5952,4409
US-5953,5676
US-5954,7438
US-5955,4206
US-5956,4718
US-5957,4623
US-5958,4813
US-5960,6053
US-5961,4826
US-5962,4882
US-5963,9180
US-5964,4944
US-5965,4980
US-5966,6831
US-5967,4216
US-5968,4206
US-5969,6217
US-5970,5266
US-5971,4209
US-5972,7487
US-5973,4275
US-5974,5243
US-5975,5138
US-5976,4931
US-5977,5436
US-5978,5092
US-5979,6145
US-5980,4577
US-5981,4934
US-5982,5030
US-5983,5148
US-5984,5200
US-5985,5466
US-5986,5026
US-5987,5141
US-5988,5016
US-5989,5614
US-5990,4209
US-5991,4583
US-5992,5292
US-5993,4626
US-5994,9823
US-5995,6516
US-5996,5141
US-5997,4465
US-5998,4308
US-5999,4577
US-6000,5709
US-6001,5692
US-6002,5574
US-6003,7159
US-6004,5377
US-6005,6224
US-6006,8323
US-6007,4921
US-6008,5456
US-6009,4226
US-6010,6325
US-6011,6886
US-6012,4419
US-6013,5233
US-6014,5610
US-6015,6430
US-6016,6572
US-6017,6306
US-6018,6348
US-6019,4491
US-6020,6043
US-6021,5961
US-6022,6916
US-6023,4505
US-6024,7119
US-6025,6424
US-6026,6001
US-6027,5269
US-6028,6706
US-6029,4911
US-6030,7615
US-6031,5820
US-6032,6243
US-6033,5686
US-6034,5617
US-6035,6237
US-6036,5351
US-6037,4672
US-6038,3448
US-6039,3638
US-6040,6411
US-6041,5597
US-6042,4259
US-6043,3579
US-6044,6017
US-6045,6624
US-6046,9373
US-6047,5522
US-6048,6680
US-6049,8304
US-6050,4770
US-6051,3264
US-6052,3806
US-6053,4780
US-6054,3330
US-6055,3054
US-6056,3054
US-6057,5367
US-6058,3202
US-6059,3120
US-6060,5597
US-6061,3327
US-6062,3294
US-6063,3215
US-6064,4688
US-6065,4091
US-6066,9242
US-6067,6932
US-6068,3317
US-6069,4085
US-6070,6585
US-6071,2881
US-6072,7175
US-6073,8287
US-6074,6919
US-6075,8845
US-6076,4570
US-6077,3087
US-6078,2946
US-6079,4275
US-6080,6138
US-6081,4918
US-6082,2943
US-6083,3297
US-6084,3114
US-6085,7963
US-6086,6529
US-6087,3724
US-6088,4646
US-6089,7749
US-6090,2776
US-6091,4206
US-6092,3438
US-6093,6788
US-6094,3333
US-6095,4774
US-6096,4419
US-6097,6473
US-6098,7218
US-6099,5581
US-6100,6677
US-6101,6847
US-6102,5266
US-6103,6086
US-6104,7014
US-6105,5236
US-6106,5226
US-6107,4488
US-6108,4134
US-6109,4288
US-6110,4147
US-6111,4321
US-6112,4406
US-6113,4403
US-6114,4337
US-6115,6096
US-6116,4777
US-6117,4856
US-6118,6486
US-6119,4816
US-6120,8258
US-6121,4905
US-6122,7156
US-6123,8166
US-6124,4321
US-6125,7759
US-6126,7756
US-6127,9734
US-6128,8287
US-6129,5276
US-6130,7595
US-6131,5174
US-6132,4636
US-6133,10007
US-6134,7303
US-6135,6775
US-6136,7979
US-6137,4715
US-6138,5440
US-6139,5814
US-6140,5495
US-6141,7021
US-6142,6512
US-6143,6030
US-6144,3835
US-6145,7014
US-6146,10331
US-6147,5935
US-6148,3770
US-6149,5971
US-6150,4826
US-6151,5374
US-6152,7986
US-6153,5787
US-6154,4813
US-6155,5108
US-6156,8196
US-6157,6302
US-6158,5308
US-6159,6155
US-6160,7152
US-6161,7415
US-6162,4511
US-6163,6545
US-6164,4088
US-6165,6988
US-6166,5656
US-6167,6768
US-6168,7051
US-6169,4813
US-6170,3704
US-6171,6768
US-6172,6969
US-6173,3812
US-6174,4774
US-6175,5072
US-6176,6568
US-6177,5656
US-6178,5417
US-6179,5233
US-6180,6959
US-6181,6736
US-6182,8268
US-6183,4751
US-6184,7090
US-6185,7425
US-6186,8081
US-6187,8117
US-6188,6506
US-6189,7812
US-6190,7405
US-6191,7785
US-6192,6631
US-6193,7234
US-6194,7021
US-6195,6995
US-6196,6306
US-6197,8264
US-6198,7730
US-6199,6962
US-6200,6398
US-6201,8399
US-6202,6506
US-6203,7536
US-6204,6660
US-6205,7762
US-6206,7362
US-6207,5896
US-6208,6775
US-6209,8625
US-6210,9511
US-6211,6729
US-6212,8494
US-6213,6864
US-6214,6276
US-6215,6549
US-6216,6594
US-6217,10948
US-6218,7005
US-6219,6280
US-6220,6283
US-6221,6512
US-6222,6532
US-6223,10892
US-6224,6690
US-6225,7421
US-6226,8694
US-6227,6742
US-6228,7054
US-6229,5984
US-6230,7356
US-6231,7270
US-6232,6588
US-6233,5666
US-6234,1847
US-6235,741
US-6236,591
US-6237,1099
US-6238,1650
US-6239,1624
US-6240,577
US-6241,955
US-6242,512
US-6243,1624
US-6244,666
US-6245,384
US-6246,3035
US-6247,1211
US-6248,1391
US-6249,1250
US-6250,623
US-6251,840
US-6252,863
US-6254,262
US-6255,1102
US-6256,568
US-6258,262
US-6259,1673
US-6260,1470
US-6261,1713
US-6262,1332
US-6263,285
US-6264,1946
US-6265,1457
US-6266,1857
US-6267,692
US-6268,1079
US-6269,971
US-6270,1703
US-6271,236
US-6272,1575
US-6273,640
US-6275,1785
US-6276,538
US-6277,610
US-6278,1457
US-6279,331
US-6280,974
US-6281,23
US-6282,75
US-6283,79
US-6284,23
US-6285,36
US-6286,20
US-6287,102
US-6288,30
US-6289,62
US-6290,75
US-6291,26
US-6292,46
US-6293,36
US-6294,85
US-6295,13
US-6296,46
US-6297,144
US-6298,161
US-6299,39
US-6300,52
US-6301,20
US-6302,59
US-6303,7
US-6304,33
US-6305,13
US-6306,59
US-6307,66
US-6308,36
US-6309,148
US-6310,23
US-6311,26
US-6312,226
US-6313,39
US-6314,75
US-6315,56
US-6316,125
US-6317,135
US-6318,46
US-6319,95
US-6320,112
US-6321,26
US-6322,36
US-6323,43
US-6324,66
US-6325,89
US-6326,30
US-6327,125
US-6328,72
US-6329,26
US-6330,75
US-6331,79
US-6332,0
US-6333,594
US-6334,2569
US-6335,676
US-6336,594
US-6337,499
US-6338,538
US-6339,833
US-6340,2054
US-6341,761
US-6342,571
US-6343,1660
US-6344,948
US-6345,1004
US-6346,2087
US-6347,748
US-6348,997
US-6349,833
US-6350,633
US-6351,1201
US-6352,991
US-6353,433
US-6354,725
US-6355,1047
US-6356,823
US-6357,1237
US-6358,696
US-6359,538
US-6360,830
US-6361,659
US-6362,1450
US-6363,764
US-6364,659
US-6365,988
US-6366,1319
US-6367,830
US-6368,2264
US-6369,502
US-6370,863
US-6371,335
US-6372,4449
US-6373,965
US-6374,1759
US-6375,732
US-6376,846
US-6377,768
US-6378,702
US-6379,1020
US-6380,482
US-6381,686
US-6382,3
US-6383,26
US-6384,52
US-6385,72
US-6387,364
US-6388,46
US-6389,62
US-6390,1316
US-6391,46
US-6392,256
US-6393,804
US-6394,2041
US-6395,85
US-6396,636
US-6397,2651
US-6398,604
US-6399,33
US-6400,1509
US-6401,9298
US-6402,771
US-6403,59
US-6404,2119
US-6405,3
US-6406,141
US-6407,30
US-6408,7
US-6409,26
US-6410,2474
US-6411,6132
US-6412,33
US-6413,945
US-6414,56
US-6415,30
US-6416,961
US-6417,899
US-6419,0
US-6420,292
US-6421,49
US-6422,79
US-6423,1854
US-6424,39
US-6425,226
US-6426,46
US-6427,69
US-6428,7
US-6429,197
US-6430,390
US-6431,236
US-6432,66
US-6433,135
US-6434,118
US-6435,3894
US-6436,712
US-6441,4941
US-6442,3763
US-6443,3619
US-6444,89
US-6445,13
US-6446,30
US-6447,56
US-6448,56
US-6449,13
US-6450,59
US-6451,33
US-6452,10
US-6453,16
US-6454,36
US-6455,85
US-6457,610
US-6459,308
US-6460,197
US-0025,16
US-0042,13
US-0120,597
US-0340,75
US-0378,210
US-0379,436
US-0727,1204
US-0731,125
US-2143,764
US-2441,919
US-3875,1322
US-6461,279
US-6462,361
US-6463,1053
US-6464,1198
US-6465,1079
US-6466,1198
US-6467,7
US-6468,1427
US-6469,942
US-6470,922
US-6471,1024
US-6472,827
US-6473,794
US-6474,932
US-6475,814
US-6476,728
US-6477,833
US-6478,856
US-6479,771
US-6480,771
US-6481,873
US-6482,735
US-6483,945
US-6484,686
US-6485,951
US-6486,902
US-6487,394
US-6488,344
US-6489,476
US-6490,879
US-6491,787
US-6492,653
US-6493,433
US-6494,459
US-6495,663
US-6496,322
US-6497,322
US-6498,751
US-6499,676
US-6500,850
US-6501,410
US-6502,463
US-6503,404
US-6504,712
US-6505,823
US-6506,814
US-6507,932
US-6508,1086
US-6509,840
US-6510,1155
US-6511,745
US-6512,807
US-6513,814
US-6514,797
US-6515,843
US-6516,889
US-6517,571
US-6518,702
US-6519,853
US-6520,1079
US-6521,958
US-6522,1129
US-6523,899
US-6524,561
US-6525,1102
US-6526,797
US-6527,741
US-6528,1093
US-6529,738
US-6530,709
US-6531,676
US-6532,443
US-6533,285
US-6534,223
US-6535,125
US-6536,3
US-6537,335
US-6538,194
US-6539,249
US-6540,2425
US-6542,197
US-6543,285
US-6544,10
US-6545,16
US-6546,659
US-6548,554
US-6549,476
US-6550,486
US-6553,735
US-6554,4281
US-6555,154
US-6556,2113
US-6557,1280
US-6558,2106
US-6559,2172
US-6560,554
US-6561,36
US-6562,2349
US-6563,43
US-6564,371
US-6565,13
US-6566,233
US-6567,13
US-6569,1982
US-6570,758
US-6571,72
US-6572,85
US-6573,43
US-6574,0
US-6575,449
US-6576,10
US-6577,3701
US-6578,1762
US-6579,1909
US-6580,13
US-6581,2949
US-6582,344
US-6583,1952
US-6584,279
US-6586,23
US-6587,1690
US-6588,548
US-6589,203
US-6590,394
US-6591,551
US-6593,3904
US-6594,2602
US-6595,7
US-6596,262
US-6597,1703
US-6599,16
US-6600,607
US-6601,646
US-6602,151
US-6604,413
US-6605,446
US-6606,49
US-6607,52
US-6608,2543
US-6609,69
US-6610,3
US-6611,279
US-6612,3648
US-6613,1152
US-6614,1178
US-6615,699
US-6616,696
US-6617,768
US-6618,1155
US-6619,571
US-6620,1273
US-6621,951
US-6622,1096
US-6623,705
US-6624,761
US-6625,591
US-6626,1152
US-6627,676
US-6628,650
US-6629,653
US-6630,1010
US-6631,1654
US-6632,676
US-6633,705
US-6634,663
US-6635,643
US-6636,653
US-6638,1161
US-6639,52
US-6640,886
US-6641,755
US-6642,636
US-6643,876
US-6644,604
US-6645,863
US-6646,636
US-6647,1083
US-6648,922
US-6649,620
US-6650,928
US-6651,581
US-6652,856
US-6653,968
US-6654,1001
US-6655,1122
US-6656,16
US-6657,725
US-6658,630
US-6659,1165
US-6660,604
US-6661,715
US-6662,830
US-6663,692
US-6664,581
US-6665,584
US-6666,837
US-6667,951
US-6668,712
US-6669,581
US-6670,935
US-6672,574
US-6673,817
US-6674,781
US-6675,610
US-6676,607
US-6677,620
US-6678,846
US-6679,892
US-6680,728
US-6681,692
US-6682,33
US-6683,774
US-6684,1542
US-6685,1148
US-6686,997
US-6687,883
US-6688,909
US-6689,584
US-6690,886
US-6691,814
US-6692,1171
US-6693,981
US-6694,696
US-6695,1099
US-6696,994
US-6698,758
US-6699,1007
US-6700,39
US-6701,1014
US-6702,630
US-6703,1024
US-6704,958
US-6705,1073
US-6706,994
US-6707,1135
US-6708,1132
US-6709,1148
US-6710,699
US-6711,692
US-6712,791
US-6713,915
US-6715,853
US-6716,650
US-6717,768
US-6718,912
US-6719,778
US-6720,879
US-6721,846
US-6722,820
US-6723,843
US-6724,928
US-6725,1033
US-6726,951
US-6727,705
US-6728,745
US-6729,646
US-6730,653
US-6731,1322
US-6732,1161
US-6733,1010
US-6734,922
US-6735,922
US-6736,791
US-6737,771
US-6738,1683
US-6739,597
US-6740,741
US-6741,594
US-6742,758
US-6743,571
US-6744,23
US-6745,1558
US-6746,860
US-6747,1070
US-6748,669
US-6749,682
US-6750,623
US-6751,1007
US-6752,1155
US-6753,659
US-6754,577
US-6755,689
US-6756,682
US-6757,630
US-6758,1168
US-6759,620
US-6760,577
US-6761,577
US-6762,640
US-6763,571
US-6764,840
US-6765,610
US-6766,574
US-6767,902
US-6768,1204
US-6769,1168
US-6770,771
US-6771,866
US-6772,620
US-6773,951
US-6774,574
US-6775,614
US-6776,758
US-6777,794
US-6778,801
US-6779,1004
US-6780,837
US-6781,1017
US-6782,594
US-6783,620
US-6784,1093
US-6785,922
US-6787,574
US-6788,620
US-6789,574
US-6790,856
US-6791,738
US-6792,748
US-6793,623
US-6794,863
US-6795,925
US-6796,571
US-6797,846
US-6798,1106
US-6799,738
US-6800,915
US-6801,689
US-6802,791
US-6803,902
US-6804,938
US-6806,574
US-6807,574
US-6808,571
US-6809,630
US-6810,584
US-6811,587
US-6812,571
US-6813,577
US-6814,587
US-6815,614
US-6816,600
US-6817,597
US-6818,574
US-6819,584
US-6820,577
US-6821,574
US-6822,587
US-6823,577
US-6824,1056
US-6825,686
US-6826,646
US-6827,699
US-6828,653
US-6829,738
US-6830,676
US-6831,3
US-6832,509
US-6833,213
US-6834,30
US-6835,135
US-6836,709
US-6837,46
US-6838,423
US-6839,925
US-6840,13
US-6841,30
US-6842,23
US-6843,131
US-6844,361
US-6845,906
US-6846,292
US-6847,725
US-6848,584
US-6849,571
US-6850,20
US-6851,26
US-6852,371
US-6853,2218
US-6854,259
US-6855,13
US-6856,2270
US-6857,512
US-6858,174
US-6859,866
US-6860,0
US-6861,335
US-6862,312
US-6863,610
US-6864,535
US-6865,610
US-6866,427
US-6867,381
US-6868,46
US-6869,505
US-6870,240
US-6871,253
US-6872,292
US-6873,36
US-6874,1263
US-6875,56
US-6876,13
US-6877,597
US-6878,43
US-6879,13
US-6880,23
US-6881,46
US-6882,79
US-6883,197
US-6884,722
US-6886,2123
US-6887,105
US-6888,253
US-6889,23
US-6890,13
US-6891,26
US-6892,177
US-6893,13
US-6894,10
US-6895,2995
US-6896,23
US-6897,33
US-6898,7
US-6899,610
US-6900,43
US-6901,39
US-6902,2621
US-6903,4327
US-6904,410
US-6905,3
US-6906,958
US-6907,62
US-6908,16
US-6909,240
US-6910,2464
US-6911,1204
US-6912,33
US-6913,390
US-6914,13
US-6915,1040
US-6916,269
US-6917,72
US-6918,1089
US-6919,20
US-6920,243
US-6922,636
US-6923,92
US-6924,75
US-6925,466
US-6926,1293
US-6927,1529
US-6928,1903
US-6929,36
US-6930,16
US-6931,226
US-6932,10
US-6933,20
US-6934,187
US-6935,696
US-6936,2441
US-6937,1283
US-6938,4003
US-6939,16
US-6940,702
US-6941,1470
US-6942,128
US-6944,397
US-6945,43
US-6946,56
US-6947,361
US-6948,266
US-6949,1916
US-6950,741
US-6951,279
US-6952,1306
US-6953,62
US-6954,121
US-6955,7
US-6956,49
US-6957,7
US-6958,1936
US-6959,125
US-6960,2703
US-6961,52
US-6962,390
US-6963,341
US-6964,39
US-6965,20
US-6966,43
US-6967,3990
US-6885,20
US-6968,384
US-6969,551
US-6970,469
US-6971,981
US-6972,384
US-6973,869
US-6974,1102
US-6975,846
US-6976,840
US-6977,679
US-6978,423
US-6979,253
US-6980,292
US-6981,121
US-6982,344
US-6983,190
US-6984,479
US-6985,433
US-6986,0
US-6987,-16
US-6988,125
US-6989,108
US-6990,384
US-6991,322
US-6992,246
US-6993,1165
US-6994,797
US-6995,971
US-6996,1463
US-6997,1017
US-6998,1112
US-6999,853
US-7000,1099
US-7001,751
US-7002,922
US-7003,1237
US-7004,1030
US-7005,1079
US-7006,1240
US-7007,1995
US-7008,1844
US-7009,1719
US-7010,3002
US-7011,899
US-7012,1053
US-7013,2575
US-7014,407
US-7015,2067
US-7016,1145
US-7017,745
US-7018,2667
US-7019,1299
US-7020,656
US-7021,3110
US-7022,2254
US-7023,774
US-7024,932
US-7025,3153
US-7026,2073
US-7027,2723
US-7028,1447
US-7029,1158
US-7030,1066
US-7031,1647
US-7032,1978
US-7033,968
US-7034,1860
US-7035,1742
US-7036,2789
US-7037,1414
US-7038,1188
US-7039,2421
US-7040,2526
US-7041,1745
US-7042,1037
US-7043,1982
US-7044,1831
US-7045,574
US-7046,623
US-7047,764
US-7048,735
US-7049,715
US-7050,545
US-7051,814
US-7052,1001
US-7053,614
US-7054,801
US-7056,781
US-7057,896
US-7058,823
US-7059,715
US-7060,955
US-7061,666
US-7062,1076
US-7063,587
US-7064,889
US-7065,909
US-7066,725
US-7067,574
US-7068,784
US-7069,1135
US-7070,174
US-7071,151
US-7072,154
US-7073,112
US-7074,135
US-7075,108
US-7076,112
US-7077,128
US-7078,105
US-7079,98
US-7080,102
US-7081,95
US-7082,135
US-7083,105
US-7084,125
US-7085,351
US-7086,210
US-7087,236
US-7088,653
US-7089,469
US-7090,443
US-7091,413
US-7092,459
US-7093,607
US-7094,443
US-7095,367
US-7096,325
US-7097,410
US-7098,417
US-7099,367
US-7100,407
US-7101,341
US-7102,427
US-7103,164
US-7104,315
US-7105,259
US-7106,190
US-7107,315
US-7108,49
US-7109,194
US-7110,167
US-7111,200
US-7112,118
US-7113,354
US-7114,433
US-7115,423
US-7116,551
US-7117,289
US-7118,377
US-7119,390
US-7120,240
US-7121,299
US-7122,246
US-7123,404
US-7124,259
US-7125,328
US-7126,295
US-7127,344
US-7128,364
US-7129,157
US-7130,197
US-7131,479
US-7132,338
US-7133,253
US-7134,551
US-7135,2825
US-7136,98
US-7137,2283
US-7138,2844
US-7139,922
US-7140,702
US-7141,732
US-7142,627
US-7143,2257
US-7144,1473
US-7145,735
US-7146,833
US-7147,1388
US-7148,1588
US-7149,89
US-7150,20
US-7151,236
US-7152,440
US-7153,272
US-7154,190
US-7155,92
US-7156,1211
US-7157,1342
US-7158,180
US-7159,561
US-7160,1158
US-7161,1201
US-7162,308
US-7163,157
US-7164,1568
US-7165,833
US-7166,233
US-7167,1742
US-7169,397
US-7170,2113
US-7171,144
US-7172,358
US-7173,459
US-7174,305
US-7175,335
US-7176,1371
US-7177,325
US-7178,449
US-7179,217
US-7180,279
US-7181,1135
US-7182,194
US-7183,135
US-7184,128
US-7185,171
US-7186,180
US-7187,1188
US-7188,371
US-7189,679
US-7190,758
US-7191,295
US-7192,0
US-7193,0
US-7194,0
US-7195,0
US-7196,0
US-7197,0
US-7198,1558
US-7199,0
US-7200,0
US-7201,0
US-7202,0
US-7203,246
US-7204,0
US-7205,56
US-7206,125
US-7207,20
US-7208,0
US-7209,0
US-7210,0
US-7211,0
US-7212,0
US-7214,0
US-7215,0
US-7216,0
US-7217,0
US-7218,0
US-7219,0
US-7220,0
US-7221,0
US-7222,0
US-7223,0
US-7224,0
US-7225,0
US-7226,0
US-7227,0
US-7228,0
US-7229,0
US-7230,0
US-7231,0
US-7232,0
US-7233,0
US-7234,0
US-7235,0
US-7236,0
US-7237,0
US-7238,0
US-7239,0
US-7240,138
US-7241,69
US-7242,295
US-7243,69
US-7244,62
US-7245,33
US-7246,167
US-7247,62
US-7248,131
US-7249,0
US-7250,16
US-7251,-180
US-7252,43
US-7253,20
US-7254,0
US-7255,13
US-7256,643
US-7257,449
US-7258,387
US-7259,574
US-7260,1631
US-7261,190
US-7263,335
US-7264,95
US-7265,220
US-7266,397
US-7267,322
US-7268,308
US-7269,220
US-7270,823
US-7271,338
US-7272,1578
US-7273,180
US-7274,965
US-7275,623
US-7276,607
US-7277,207
US-7278,200
US-7279,180
US-7280,361
US-7281,279
US-7282,207
US-7283,463
US-7284,276
US-7285,305
US-7286,673
US-7287,361
US-7288,810
US-7289,577
US-7290,361
US-7291,633
US-7292,305
US-7293,1401
US-7294,272
US-7295,430
US-7296,682
US-7297,833
US-7298,1014
US-7299,486
US-7300,302
US-7301,551
US-7302,325
US-7303,322
US-7304,1542
US-7305,213
US-7306,2024
US-7307,1001
US-7308,354
US-7309,381
US-7310,846
US-7311,407
US-7313,315
US-7314,318
US-7315,1831
US-7316,289
US-7317,381
US-7318,377
US-7319,213
US-7320,374
US-7321,292
US-7322,292
US-7323,417
US-7324,771
US-7325,266
US-7326,289
US-7327,354
US-7328,240
US-7329,2113
US-7330,220
US-7331,525
US-7332,1017
US-7333,1601
US-7334,236
US-7335,755
US-7336,1919
US-7337,279
US-7338,164
US-7339,180
US-7340,387
US-7341,246
US-7342,236
US-7343,466
US-7344,233
US-7345,781
US-7346,174
US-7347,1152
US-7348,108
US-7349,430
US-7350,213
US-7351,223
US-7352,210
US-7353,279
US-7354,256
US-7355,194
US-7356,351
US-7357,810
US-7358,213
US-7359,131
US-7360,4944
US-7361,4754
US-7362,6283
US-7363,2927
US-7365,5007
US-7366,2188
US-7367,377
US-7368,417
US-7369,925
US-7370,663
US-7371,499
US-7372,515
US-7373,430
US-7374,79
US-7375,131
US-7376,220
US-7377,7
US-7378,43
US-7379,1014
US-7380,16
US-7381,4518
US-7382,755
US-7383,6430
US-7384,978
US-7385,1010
US-7386,807
US-7387,958
US-7388,1194
US-7389,69
US-7390,978
US-7391,823
US-7392,991
US-7393,1168
US-7394,988
US-7395,1178
US-7396,1391
US-7397,1211
US-7398,994
US-7399,1033
US-7400,1381
US-7401,945
US-7402,955
US-7403,1171
US-7405,958
US-7406,912
US-7407,771
US-7408,922
US-7409,1112
US-7410,922
US-7411,978
US-7412,1499
US-7413,1483
US-7414,1263
US-7415,1168
US-7416,1598
US-7417,1440
US-7418,1673
US-7419,3018
US-7420,1322
US-7421,1824
US-7422,1224
US-7423,2467
US-7424,3655
US-7425,1545
US-7426,2267
US-7427,2677
US-7428,2467
US-7429,2211
US-7430,2421
US-7431,2375
US-7432,2241
US-7433,2474
US-7434,2825
US-7435,338
US-7436,463
US-7437,249
US-7438,246
US-7439,276
US-7440,184
US-7441,564
US-7442,433
US-7443,272
US-7444,400
US-7445,1079
US-7446,1978
US-7447,1778
US-7448,1063
US-7449,1394
US-7450,1873
US-7451,2874
US-7452,2320
US-7453,922
US-7454,1066
US-7455,1286
US-7456,1453
US-7457,712
US-7458,725
US-7459,1791
US-7460,1545
US-7461,272
US-7462,489
US-7463,256
US-7464,138
US-7465,351
US-7466,285
US-7467,666
US-7468,417
US-7469,325
US-7470,95
US-7471,873
US-7472,495
US-7473,2057
US-7474,0
US-7475,79
US-7476,4242
US-7477,3376
US-7478,3675
US-7479,6188
US-7480,2388
US-7481,4390
US-7482,3077
US-7483,2966
US-7484,2533
US-7485,2431
US-7486,1063
US-7487,2526
US-7488,2129
US-7489,2277
US-7490,5033
US-7491,4386
US-7493,23
US-7494,3737
US-7495,4360
US-7496,636
US-7497,535
US-7498,676
US-7499,26
US-7500,938
US-7501,886
US-7502,738
US-7503,843
US-7504,138
US-7505,390
US-7506,69
US-7507,105
US-7508,597
US-7509,1273
US-7510,1936
US-7511,2152
US-7512,791
US-7513,1050
US-7514,738
US-7515,771
US-7516,761
US-7517,794
US-7518,95
US-7519,951
US-7520,249
US-7521,988
US-7522,312
US-7523,436
US-7524,472
US-7525,220
US-7526,377
US-7528,453
US-7529,761
US-7530,351
US-7531,404
US-7532,696
US-7533,312
US-7534,341
US-7535,243
US-7536,761
US-7537,663
US-7538,568
US-7539,1421
US-7540,502
US-7541,89
US-7542,413
US-7543,4094
US-7544,33
US-7545,525
US-7546,1017
US-7547,614
US-7548,361
US-7563,3642
US-7564,909
US-7565,1096
US-7566,771
US-7567,1125
US-7568,381
US-7569,443
US-7570,938
US-7571,381
US-7572,367
US-7573,282
US-7574,656
US-7575,636
US-7576,384
US-7577,850
US-7578,394
US-7579,367
US-7580,502
US-7581,502
US-7582,1017
US-7583,367
US-7585,974
US-7586,850
US-7587,876
US-7588,906
US-7589,292
US-7590,1673
US-7591,361
US-7592,614
US-7593,463
US-7594,2051
US-7595,367
US-7596,1280
US-7597,994
US-7598,673
US-7599,1726
US-7600,1302
US-7601,404
US-7602,1070
US-7603,1093
US-7604,886
US-7605,1896
US-7606,397
US-7607,1247
US-7608,928
US-7609,1739
US-7610,482
US-7611,1024
US-7612,758
US-7613,358
US-7614,1132
US-7615,538
US-7616,367
US-7617,226
US-7618,1010
US-7619,384
US-7620,942
US-7621,381
US-7622,879
US-7623,262
US-7624,1030
US-7625,259
US-7626,423
US-7627,417
US-7628,801
US-7629,358
US-7630,420
US-7631,341
US-7632,269
US-7633,259
US-7634,322
US-7635,210
US-7636,10
US-7637,6909
US-7638,518
US-7645,23
US-7646,7
US-7647,79
US-7648,69
US-7649,10
US-7650,85
US-7652,217
US-7653,-10
US-7654,771
US-7655,883
US-7656,722
US-7657,863
US-7658,778
US-7659,1204
US-7660,1145
US-7661,774
US-7662,909
US-7663,761
US-7664,791
US-7665,463
US-7666,774
US-7667,732
US-7668,850
US-7669,1467
US-7670,814
US-7671,833
US-7672,738
US-7673,745
US-7674,945
US-7675,978
US-7676,689
US-7677,1047
US-7678,751
US-7679,627
US-7680,410
US-7681,702
US-7682,1611
US-7683,95
US-7684,774
US-7685,1657
US-7686,1142
US-7687,1201
US-7688,1257
US-7689,1063
US-7690,177
US-7691,43
US-7692,502
US-7693,177
US-7694,722
US-7695,1706
US-7696,112
US-7697,1841
US-7698,1864
US-7699,1703
US-7700,1827
US-7701,1896
US-7702,1644
US-7703,1483
US-7704,1578
US-7705,1476
US-7706,1447
US-7707,1624
US-7708,1066
US-7710,397
US-7711,207
US-7712,318
US-7713,830
US-7714,669
US-7715,617
US-7716,115
US-7717,3
US-7718,7
US-7719,10
US-7720,10
US-7721,7
US-7722,33
US-7723,3
US-7724,833
US-7725,66
US-7726,72
US-7727,75
US-7728,577
US-7729,535
US-7730,240
US-7731,82
US-7732,79
US-7733,410
US-7734,49
US-7735,0
US-7736,7
US-7737,-7
US-7738,0
US-7739,-13
US-7740,10
US-7741,36
US-7742,23
US-7743,69
US-7744,13
US-7745,23
US-7746,26
US-7748,39
US-7749,-10
US-7750,0
US-7751,0
US-7752,16
US-7753,59
US-7754,52
US-7755,7
US-7756,236
US-7757,112
US-7758,190
US-7759,1411
US-7760,26
US-7761,144
US-7762,121
US-7763,49
US-7764,974
US-7765,1227
US-7766,2589
US-7767,2352
US-7768,725
US-7769,243
US-7770,1053
US-7771,2579
US-7772,515
US-7773,1716
US-7774,1184
US-7775,1434
US-7776,164
US-7777,203
US-7778,220
US-7779,13
US-7780,0
US-7781,13
US-7782,43
US-7783,1647
US-7784,3
US-7785,3356
US-7787,105
US-7788,33
US-7789,69
US-7790,1562
US-7791,82
US-7793,-7
US-7794,1352
US-7795,1211
US-7797,59
US-7798,16
US-7799,13
US-7801,1729
US-7802,2178
US-7803,16
US-7804,213
US-7805,6161
US-7806,5407
US-7807,4718
US-7808,5745
US-7809,5059
US-7810,6385
US-7811,2487
US-7812,7890
US-7813,5030
US-7814,3225
US-7815,5121
US-7816,6578
US-7817,5351
US-7818,4931
US-7819,4419
US-7820,2992
US-7821,4839
US-7822,5226
US-7823,5010
US-7824,5791
US-7825,3904
US-7826,4216
US-7827,1765
US-7828,4150
US-7829,1663
US-7830,7156
US-7831,4902
US-7832,6394
US-7833,6890
US-7834,4816
US-7836,1007
US-7837,820
US-7838,669
US-7839,610
US-7840,846
US-7841,764
US-7842,768
US-7843,791
US-7844,1109
US-7845,6591
US-7846,883
US-7847,715
US-7848,984
US-7849,781
US-7850,948
US-7851,436
US-7852,46
US-7853,620
US-7854,778
US-7855,738
US-7856,774
US-7857,640
US-7858,469
US-7859,0
US-7860,968
US-7861,125
US-7862,978
US-7863,794
US-7864,1007
US-7865,10
US-7866,866
US-7867,778
US-7868,1155
US-7870,587
US-7871,515
US-7872,656
US-7873,869
US-7874,827
US-7875,886
US-7876,5003
US-7877,5240
US-7878,4032
US-7879,82
US-7880,2523
US-7881,292
US-7882,394
US-7883,699
US-7884,0
US-7885,0
US-7886,0
US-7887,5633
US-7888,72
US-7889,49
US-7890,1001
US-7891,92
US-7892,102
US-7893,171
US-7895,1037
US-7896,479
US-7897,659
US-7898,682
US-7899,709
US-7900,282
US-7901,269
US-7902,764
US-7903,2077
US-7904,607
US-7905,161
US-7906,554
US-7907,499
US-7908,466
US-7909,453
US-7910,440
US-7911,328
US-7912,384
US-7913,1627
US-7914,682
US-7915,427
US-7916,3
US-7917,594
US-7918,1627
US-7919,2175
US-7920,1437
US-7921,1808
US-7922,925
US-7923,768
US-7924,1263
US-7925,1365
US-7926,827
US-7927,1007
US-7928,1509
US-7929,958
US-7930,840
US-7931,1398
US-7932,3635
US-7933,1079
US-7934,1604
US-7935,810
US-7936,1358
US-7937,1506
US-7938,1138
US-7939,919
US-7940,2395
US-7941,938
US-7942,2077
US-7943,2867
US-7944,1549
US-7945,935
US-7946,1079
US-7947,1923
US-7948,1709
US-7949,1017
US-7950,955
US-7951,397
US-7952,860
US-7953,341
US-7954,758
US-7955,463
US-7956,515
US-7957,528
US-7958,846
US-7959,850
US-7960,820
US-7961,758
US-7962,892
US-7963,850
US-7964,1125
US-7965,755
US-7966,1804
US-7967,1378
US-7968,2835
US-7970,1089
US-7971,210
US-7973,138
US-7974,33
US-7975,203
US-7976,489
US-7977,82
US-7978,62
US-7979,3
US-7980,30
US-7981,72
US-7982,49
US-7983,581
US-7984,390
US-7990,6322
US-7994,7241
US-7996,2907
US-7998,4003
US-7999,2218
US-8001,2871
US-8002,2999
US-8003,3192
US-8004,3064
US-8005,1785
US-8006,0
US-8007,10
US-8008,1795
US-8009,1257
US-8010,302
US-8011,2356
US-8012,1178
US-8013,52
US-8014,262
US-8015,1247
US-8016,387
US-8017,515
US-8018,10
US-8019,10
US-8020,784
US-8021,666
US-8022,269
US-8023,472
US-8024,256
US-8025,112
US-8026,0
US-8027,751
US-8028,515
US-8029,761
US-8030,7
US-8031,886
US-8032,850
US-8033,98
US-8034,3
US-8035,148
US-8036,3
US-8037,-10
US-8038,0
US-8039,89
US-8040,194
US-8041,108
US-8042,0
US-8043,85
US-8044,194
US-8045,82
US-8046,0
US-8047,495
US-8048,453
US-8049,758
US-8050,10
US-8051,1063
US-8052,20
US-8053,3
US-8054,49
US-8055,3
US-8056,144
US-8057,79
US-8058,157
US-8059,548
US-8060,108
US-8061,36
US-8062,837
US-8063,2218
US-8064,43
US-8065,85
US-8066,240
US-8067,75
US-8068,23
US-8069,522
US-8070,669
US-8071,292
US-8072,82
US-8073,433
US-8074,1762
US-8075,2077
US-8076,2205
US-8077,269
US-8078,440
US-8079,135
US-8080,240
US-8081,13
US-8082,10
US-8083,0
US-8084,7
US-8085,16
US-8086,10
US-8087,105
US-8088,16
US-8089,13
US-8090,3
US-8091,89
US-8092,75
US-8093,36
US-8094,79
US-8095,758
US-8096,1280
US-8097,1919
US-8098,26
US-8099,653
US-8100,636
US-8101,404
US-8102,466
US-8103,420
US-8104,1145
US-8105,965
US-8106,686
US-8107,932
US-8108,883
US-8109,912
US-8110,869
US-8111,1017
US-8112,784
US-8113,1099
US-8114,758
US-8115,1240
US-8116,758
US-8117,1768
US-8118,1814
US-8119,1719
US-8120,2352
US-8121,669
US-8122,2087
US-8123,1854
US-8124,879
US-8125,745
US-8126,938
US-8127,1296
US-8128,2254
US-8129,620
US-8130,771
US-8131,541
US-8132,1421
US-8133,604
US-8134,640
US-8135,2864
US-8136,715
US-8137,810
US-8138,761
US-8139,361
US-8140,732
US-8141,400
US-8142,738
US-8143,607
US-8144,404
US-8145,600
US-8146,367
US-8147,39
US-8148,0
US-8149,187
US-8150,1660
US-8151,10
US-8152,1516
US-8153,492
US-8154,531
US-8155,3219
US-8156,1335
US-8157,1325
US-8158,974
US-8159,2123
US-8160,1381
US-8161,1188
US-8162,1647
US-8163,1430
US-8164,4593
US-8165,1650
US-8166,1447
US-8167,1342
US-8168,1693
US-8169,1795
US-8170,1578
US-8171,1670
US-8172,1703
US-8173,1460
US-8174,1240
US-8175,2119
US-8176,2224
US-8177,1427
US-8178,1414
US-8179,1371
US-8180,1460
US-8181,1644
US-8182,1463
US-8183,1719
US-8184,1877
US-8185,1220
US-8186,1378
US-8187,1270
US-8188,1631
US-8189,1385
US-8190,3015
US-8191,1709
US-8192,2290
US-8193,3192
US-8194,1417
US-8195,5325
US-8196,1624
US-8197,1207
US-8198,1660
US-8199,1614
US-8200,1480
US-8201,1617
US-8202,1604
US-8203,-16
US-8204,43
US-8205,709
US-8206,646
US-8208,833
US-8209,1181
US-8210,604
US-8211,591
US-8213,1276
US-8214,1247
US-8215,1178
US-8216,833
US-8217,1106
US-8218,801
US-8219,840
US-8220,1581
US-8221,751
US-8222,745
US-8223,922
US-8224,751
US-8225,883
US-8226,226
US-8228,6207
US-8229,965
US-8230,869
US-8231,886
US-8232,909
US-8233,863
US-8234,981
US-8235,820
US-8236,433
US-8237,942
US-8238,981
US-8239,269
US-8240,958
US-8241,876
US-8242,958
US-8243,955
US-8244,902
US-8245,955
US-8246,456
US-8247,991
US-8248,607
US-8249,308
US-8251,1083
US-8252,1122
US-8253,663
US-8254,971
US-8255,997
US-8256,843
US-8257,879
US-8258,994
US-8259,459
US-8260,669
US-8261,961
US-8262,994
US-8263,1033
US-8264,991
US-8265,833
US-8266,676
US-8267,495
US-8268,899
US-8269,965
US-8270,843
US-8271,922
US-8272,820
US-8273,6670
US-8274,955
US-8275,1043
US-8276,994
US-8277,951
US-8278,915
US-8279,574
US-8280,794
US-8281,1102
US-8282,574
US-8283,1004
US-8284,755
US-8285,246
US-8286,259
US-8287,108
US-8288,59
US-8289,453
US-8290,745
US-8291,115
US-8292,184
US-8293,-62
US-8294,515
US-8295,8166
US-8296,5020
US-8297,325
US-8298,151
US-8299,433
US-8300,3829
US-8301,751
US-8302,768
US-8303,2920
US-8304,988
US-8305,1952
US-8306,610
US-8308,1214
US-8309,922
US-8310,804
US-8311,3907
US-8312,3136
US-8313,413
US-8314,479
US-8315,568
US-8316,440
US-8317,243
US-8318,23
US-8319,436
US-8320,600
US-8321,2484
US-8322,2290
US-8323,1125
US-8325,577
US-8326,62
US-8327,39
US-8328,59
US-8329,56
US-8330,121
US-8332,36
US-8333,36
US-8334,131
US-8335,174
US-8336,72
US-8337,112
US-8338,36
US-8339,7
US-8340,16
US-8341,75
US-8342,33
US-8343,13
US-8344,23
US-8345,72
US-8346,85
US-8347,30
US-8348,36
US-8349,46
US-8351,43
US-8352,26
US-8353,62
US-8354,52
US-8356,23
US-8357,43
US-8358,112
US-8360,30
US-8361,43
US-8362,108
US-8363,1070
US-8364,112
US-8365,115
US-8366,52
US-8367,52
US-8368,79
US-8369,13
US-8370,23
US-8371,82
US-8372,10
US-8373,118
US-8374,33
US-8375,23
US-8376,59
US-8378,840
US-8379,689
US-8380,417
US-8381,82
US-8382,92
US-8383,348
US-8384,16
US-8385,49
US-8386,30
US-8387,66
US-8388,217
US-8389,883
US-8390,30
US-8391,577
US-8392,0
US-8393,-3
US-8394,974
US-8395,125
US-8396,262
US-8397,144
US-8398,558
US-8399,23
US-8400,161
US-8401,13
US-8402,417
US-8403,82
US-8404,184
US-8405,3
US-8406,115
US-8407,125
US-8408,144
US-8409,0
US-8410,213
US-8411,154
US-8412,-10
US-8413,1175
US-8414,203
US-8415,2169
US-8416,515
US-8417,673
US-8418,7
US-8419,16
US-8420,-16
US-8421,39
US-8422,26
US-8423,571
US-8424,194
US-8425,0
US-8426,0
US-8427,3
US-8428,3
US-8429,20
US-8430,7
US-8431,85
US-8432,200
US-8433,16
US-8434,1404
US-8435,1296
US-8436,1499
US-8437,459
US-8438,1230
US-8439,492
US-8440,1076
US-8441,1050
US-8442,991
US-8443,1309
US-8444,873
US-8445,1165
US-8446,46
US-8447,305
US-8448,679
US-8449,299
US-8450,43
US-8451,348
US-8452,486
US-8453,951
US-8454,486
US-8455,230
US-8456,285
US-8457,420
US-8458,394
US-8459,180
US-8460,240
US-8461,16
US-8462,207
US-8463,233
US-8464,220
US-8465,282
US-8466,49
US-8467,364
US-8468,0
US-8469,180
US-8470,262
US-8471,285
US-8472,371
US-8473,1148
US-8474,413
US-8475,453
US-8476,292
US-8477,571
US-8478,423
US-8479,184
US-8480,512
US-8482,522
US-8483,348
US-8484,476
US-8485,630
US-8486,328
US-8487,141
US-8488,180
US-8489,551
US-8490,541
US-8491,272
US-8492,23
US-8493,92
US-8494,125
US-8495,118
US-8496,217
US-8497,95
US-8498,0
US-8499,151
US-8500,200
US-8501,115
US-8502,853
US-8503,994
US-8504,869
US-8505,755
US-8506,902
US-8507,535
US-8508,945
US-8509,804
US-8510,1224
US-8511,876
US-8512,1247
US-8513,259
US-8514,308
US-8515,525
US-8516,335
US-8517,226
US-8518,325
US-8519,449
US-8520,1224
US-8521,2933
US-8522,2769
US-8524,1969
US-8526,1463
US-8527,1109
US-8528,1673
US-8529,1417
US-8531,1965
US-8532,2270
US-8534,1526
US-8535,1722
US-8536,1900
US-8537,1713
US-8538,3074
US-8539,1752
US-8540,1624
US-8541,1503
US-8542,935
US-8543,1312
US-8544,1657
US-8545,2648
US-8546,1444
US-8547,1417
US-8548,958
US-8549,1719
US-8550,1870
US-8552,1421
US-8553,1207
US-8554,794
US-8555,1421
US-8556,1450
US-8557,1617
US-8558,1161
US-8559,1791
US-8560,1985
US-8561,1644
US-8562,2487
US-8563,1621
US-8564,1683
US-8565,1722
US-8566,1841
US-8567,784
US-8568,1890
US-8569,2090
US-8570,2051
US-8571,2756
US-8572,1424
US-8573,1932
US-8574,1365
US-8575,1824
US-8576,1870
US-8577,1837
US-8578,1135
US-8579,981
US-8580,1975
US-8581,1969
US-8582,1847
US-8583,1752
US-8584,1293
US-8585,2595
US-8586,1745
US-8587,787
US-8588,2635
US-8589,1631
US-8590,1194
US-8591,1880
US-8592,1476
US-8593,1066
US-8594,1273
US-8595,2021
US-8596,1870
US-8597,1427
US-8598,1119
US-8599,1690
US-8600,820
US-8601,1847
US-8603,1621
US-8604,2247
US-8605,1073
US-8606,1060
US-8607,1978
US-8608,2228
US-8609,1860
US-8610,1394
US-8611,1870
US-8612,1503
US-8613,1066
US-8614,2014
US-8615,1978
US-8616,2008
US-8617,5456
US-8618,5856
US-8619,5509
US-8620,5794
US-8621,6453
US-8622,1207
US-8623,2067
US-8624,840
US-8625,741
US-8626,1739
US-8627,135
US-8628,33
US-8629,23
US-8630,1004
US-8631,994
US-8632,1148
US-8633,725
US-8634,751
US-8635,965
US-8636,948
US-8637,823
US-8638,968
US-8639,801
US-8640,1414
US-8641,1076
US-8642,1411
US-8643,1247
US-8644,1621
US-8645,1014
US-8646,965
US-8647,1335
US-8648,436
US-8649,712
US-8650,837
US-8651,702
US-8652,1598
US-8653,2228
US-8654,1280
US-8655,1329
US-8656,1611
US-8657,2831
US-8658,2726
US-8659,896
US-8660,784
US-8661,1673
US-8662,774
US-8663,279
US-8664,2165
US-8665,1890
US-8666,207
US-8667,1053
US-8668,807
US-8669,840
US-8670,804
US-8671,778
US-8672,659
US-8673,778
US-8674,43
US-8675,121
US-8676,46
US-8677,98
US-8678,102
US-8679,26
US-8680,121
US-8681,118
US-8682,112
US-8683,20
US-8684,36
US-8685,108
US-8686,128
US-8687,187
US-8688,16
US-8689,108
US-8690,72
US-8691,85
US-8692,72
US-8693,102
US-8694,75
US-8695,82
US-8696,20
US-8697,46
US-8698,33
US-8699,135
US-8700,151
US-8701,105
US-8702,115
US-8703,39
US-8704,52
US-8705,89
US-8706,26
US-8707,69
US-8708,82
US-8709,98
US-8710,82
US-8711,46
US-8712,85
US-8713,115
US-8714,85
US-8715,115
US-8716,118
US-8717,52
US-8718,39
US-8719,102
US-8720,16
US-8721,46
US-8722,2149
US-8723,1211
US-8724,1693
US-8725,1670
US-8726,2129
US-8727,2789
US-8728,1335
US-8729,1493
US-8730,1640
US-8731,1407
US-8732,2126
US-8733,2208
US-8734,912
US-8735,1834
US-8736,2119
US-8737,1969
US-8738,1519
US-8739,1444
US-8740,1381
US-8741,1280
US-8742,794
US-8743,2077
US-8744,1516
US-8745,584
US-8746,1368
US-8747,1476
US-8748,1247
US-8749,2352
US-8750,2083
US-8751,958
US-8752,1306
US-8753,1581
US-8754,1575
US-8755,528
US-8756,2129
US-8757,968
US-8758,2441
US-8759,2083
US-8760,1539
US-8761,2211
US-8762,1352
US-8763,1434
US-8764,2149
US-8765,1985
US-8766,1421
US-8767,1765
US-8768,1522
US-8769,1355
US-8770,702
US-8771,1496
US-8772,1247
US-8773,1486
US-8774,1732
US-8775,1837
US-8776,1791
US-8777,1617
US-8778,1768
US-8779,741
US-8780,997
US-8781,2490
US-8782,732
US-8783,545
US-8784,1155
US-8785,1171
US-8786,1709
US-8787,1929
US-8788,1804
US-8789,1709
US-8790,1686
US-8791,853
US-8792,2408
US-8793,2208
US-8794,1168
US-8795,1565
US-8796,1138
US-8797,1919
US-8798,827
US-8799,1709
US-8800,978
US-8801,1470
US-8802,2106
US-8803,1998
US-8804,1165
US-8805,505
US-8806,650
US-8807,1519
US-8808,1211
US-8809,850
US-8810,1417
US-8811,810
US-8812,679
US-8813,1289
US-8814,1227
US-8815,1004
US-8816,1145
US-8817,1204
US-8818,1516
US-8819,1453
US-8820,1375
US-8821,1322
US-8822,1745
US-8823,784
US-8824,656
US-8825,1880
US-8826,663
US-8827,1683
US-8828,1335
US-8829,1322
US-8830,1473
US-8831,719
US-8832,751
US-8833,1867
US-8834,446
US-8835,1444
US-8836,1542
US-8837,617
US-8838,1227
US-8839,1680
US-8840,1578
US-8841,1398
US-8842,1555
US-8843,492
US-8844,1437
US-8845,1207
US-8846,1250
US-8847,1407
US-8848,1040
US-8849,1237
US-8850,1302
US-8851,1132
US-8852,1578
US-8853,1575
US-8854,774
US-8855,548
US-8856,2310
US-8857,1352
US-8858,551
US-8859,1552
US-8860,1299
US-8861,1421
US-8862,1385
US-8863,850
US-8864,1253
US-8865,1480
US-8866,922
US-8867,535
US-8868,614
US-8869,797
US-8870,1024
US-8871,1184
US-8872,1621
US-8873,1283
US-8874,1184
US-8875,935
US-8876,1089
US-8877,1342
US-8878,810
US-8879,387
US-8880,1047
US-8881,1650
US-8882,1657
US-8883,1089
US-8884,1198
US-8885,686
US-8886,1099
US-8887,1371
US-8888,1621
US-8889,1411
US-8890,653
US-8891,735
US-8892,1381
US-8893,509
US-8894,1457
US-8895,1552
US-8896,1614
US-8897,1453
US-8898,745
US-8899,1594
US-8900,1004
US-8901,2425
US-8902,781
US-8903,1299
US-8904,1178
US-8905,1411
US-8906,607
US-8907,1552
US-8908,1004
US-8909,774
US-8910,1076
US-8911,1040
US-8912,663
US-8913,1240
US-8914,768
US-8915,1355
US-8916,1516
US-8917,495
US-8918,1286
US-8919,1004
US-8920,1020
US-8921,1352
US-8922,1129
US-8923,735
US-8924,1037
US-8925,2648
US-8926,846
US-8927,541
US-8928,2605
US-8929,1102
US-8930,417
US-8931,348
US-8932,1158
US-8933,1916
US-8934,673
US-8935,1112
US-8936,1352
US-8937,610
US-8938,696
US-8939,1640
US-8940,1407
US-8941,518
US-8942,1079
US-8943,1608
US-8944,597
US-8945,1165
US-8946,1089
US-8947,656
US-8948,1512
US-8949,348
US-8950,659
US-8951,617
US-8952,863
US-8953,400
US-8954,1499
US-8955,545
US-8956,1280
US-8957,1909
US-8958,1670
US-8959,935
US-8960,2454
US-8961,1490
US-8962,2497
US-8963,1837
US-8964,1106
US-8965,1188
US-8966,2474
US-8967,1667
US-8968,1155
US-8969,702
US-8970,1598
US-8971,1155
US-8972,1135
US-8973,2090
US-8974,325
US-8975,407
US-8976,1322
US-8977,1552
US-8978,1234
US-8979,948
US-8980,509
US-8981,1512
US-8982,1135
US-8983,361
US-8984,1804
US-8985,1749
US-8986,1339
US-8987,1115
US-8988,1568
US-8989,1253
US-8990,1079
US-8991,1243
US-8992,1526
US-8993,1516
US-8994,1444
US-8995,1299
US-8996,1266
US-8997,741
US-8998,1476
US-8999,1204
US-9000,1699
US-9001,1453
US-9002,1558
US-9003,2024
US-9004,1175
US-9005,689
US-9006,541
US-9007,974
US-9008,650
US-9009,1795
US-9010,1768
US-9011,1499
US-9012,1017
US-9013,827
US-9014,197
US-9015,984
US-9016,1316
US-9017,597
US-9018,1073
US-9019,1283
US-9020,1463
US-9021,1759
US-9022,1171
US-9023,1572
US-9024,2241
US-9025,1362
US-9027,751
US-9028,846
US-9029,404
US-9030,1096
US-9032,820
US-9033,1112
US-9034,1660
US-9036,1509
US-9037,1362
US-9038,1411
US-9039,1526
US-9040,673
US-9041,1404
US-9042,1257
US-9043,1220
US-9044,1289
US-9045,1565
US-9046,1135
US-9047,594
US-9048,823
US-9049,2011
US-9050,367
US-9051,1293
US-9052,1824
US-9053,1486
US-9054,1283
US-9055,1716
US-9056,564
US-9057,1358
US-9058,591
US-9059,755
US-9060,1470
US-9061,413
US-9062,2031
US-9063,417
US-9064,381
US-9065,253
US-9066,384
US-9067,646
US-9068,1342
US-9069,728
US-9070,1814
US-9071,407
US-9073,1801
US-9074,886
US-9080,1112
US-9082,256
US-9083,387
US-9086,630
US-9087,325
US-9088,253
US-9089,243
US-9090,302
US-9091,276
US-9092,351
US-9093,240
US-9094,673
US-9095,308
US-9096,276
US-9097,427
US-9098,305
US-9099,377
US-9100,285
US-9101,449
US-9102,236
US-9103,1847
US-9104,318
US-9105,410
US-9106,240
US-9107,92
US-9108,463
US-9109,1296
US-9110,105
US-9111,92
US-9112,213
US-9113,1033
US-9114,98
US-9115,574
US-9116,131
US-9117,305
US-9118,190
US-9119,171
US-9120,200
US-9121,2382
US-9122,354
US-9123,1808
US-9124,164
US-9125,144
US-9126,850
US-9127,1204
US-9128,761
US-9129,1473
US-9130,1650
US-9131,33
US-9132,164
US-9133,1870
US-9134,49
US-9135,2064
US-9136,541
US-9137,253
US-9138,1175
US-9139,554
US-9140,502
US-9141,1243
US-9142,164
US-9143,1604
US-9144,302
US-9145,26
US-9146,889
US-9147,2087
US-9148,4744
US-9149,2139
US-9150,1677
US-9151,2831
US-9152,1220
US-9153,2884
US-9154,3806
US-9155,387
US-9156,2969
US-9157,4213
US-9158,1644
US-9159,568
US-9160,5338
US-9161,348
US-9162,213
US-9163,213
US-9164,253
US-9165,276
US-9166,1250
US-9167,804
US-9168,525
US-9169,364
US-9170,246
US-9171,1729
US-9172,804
US-9173,692
US-9174,1788
US-9175,1214
US-9176,3862
US-9177,948
US-9178,2037
US-9179,827
US-9180,1302
US-9181,1243
US-9182,1591
US-9183,1181
US-9184,2415
US-9185,1089
US-9186,1145
US-9187,909
US-9188,945
US-9189,1001
US-9190,988
US-9191,2024
US-9192,371
US-9193,610
US-9195,49
US-9197,59
US-9198,46
US-9199,85
US-9200,43
US-9201,20
US-9202,39
US-9203,56
US-9204,312
US-9205,121
US-9206,72
US-9207,190
US-9208,16
US-9209,1273
US-9210,1047
US-9211,1673
US-9212,1037
US-9213,3104
US-9214,69
US-9215,98
US-9216,56
US-9217,3
US-9218,390
US-9219,581
US-9220,594
US-9221,791
US-9222,154
US-9223,538
US-9224,138
US-9225,692
US-9226,997
US-9227,1056
US-9228,741
US-9229,541
US-9230,610
US-9231,4416
US-9232,6106
US-9235,3228
US-9236,8812
US-9237,9432
US-9238,6493
US-9239,3911
US-9241,8415
US-9242,7651
US-9244,11329
US-9245,5354
US-9246,5036
US-9247,2182
US-9248,7871
US-9249,6942
US-9251,9121
US-9252,7277
US-9254,5594
US-9255,4820
US-9257,6608
US-9258,2854
US-9260,5315
US-9261,7382
US-9262,2464
US-9263,5256
US-9264,4177
US-9265,6447
US-9266,9882
US-9267,10066
US-9268,6119
US-9269,11719
US-9271,4508
US-9272,5479
US-9273,6207
US-9274,3369
US-9275,7802
US-9276,8684
US-9278,5564
US-9281,8553
US-9282,6352
US-9283,6270
US-9284,6791
US-9285,3560
US-9286,10778
US-9287,5495
US-9288,4524
US-9289,7388
US-9291,8770
US-9292,5886
US-9293,984
US-9294,794
US-9295,686
US-9296,709
US-9297,869
US-9298,971
US-9299,814
US-9300,643
US-9301,728
US-9302,1089
US-9303,1168
US-9304,1188
US-9305,1040
US-9306,919
US-9307,938
US-9308,1220
US-9309,968
US-9310,988
US-9311,945
US-9312,1339
US-9313,1014
US-9314,1125
US-9315,1152
US-9316,1375
US-9317,1066
US-9318,1070
US-9319,663
US-9320,1250
US-9321,1207
US-9322,1211
US-9323,1171
US-9324,1207
US-9325,1260
US-9326,1217
US-9327,1253
US-9328,1401
US-9329,1539
US-9330,1332
US-9331,1270
US-9332,1414
US-9333,1352
US-9334,1250
US-9335,1115
US-9337,988
US-9338,1194
US-9339,1152
US-9340,971
US-9341,1063
US-9342,1132
US-9343,1060
US-9344,837
US-9345,883
US-9346,997
US-9347,702
US-9348,633
US-9349,699
US-9350,627
US-9351,636
US-9352,604
US-9353,636
US-9354,764
US-9355,72
US-9356,2913
US-9357,1404
US-9358,3238
US-9359,1181
US-9360,1214
US-9362,2303
US-9363,2372
US-9364,928
US-9365,3215
US-9366,1378
US-9367,1355
US-9368,2264
US-9369,1152
US-9370,3743
US-9371,4593
US-9372,36
US-9373,1345
US-9374,686
US-9375,932
US-9376,1286
US-9377,1257
US-9378,1496
US-9379,1063
US-9380,919
US-9381,1070
US-9382,1299
US-9383,965
US-9384,748
US-9385,951
US-9386,863
US-9387,958
US-9388,1211
US-9389,1358
US-9390,1024
US-9391,768
US-9392,846
US-9393,794
US-9394,886
US-9395,774
US-9396,643
US-9397,932
US-9398,1257
US-9399,817
US-9400,1010
US-9401,1122
US-9402,971
US-9403,1122
US-9404,778
US-9405,965
US-9406,673
US-9407,1181
US-9408,1063
US-9409,738
US-9410,1056
US-9411,646
US-9412,604
US-9413,1017
US-9414,676
US-9415,1070
US-9416,997
US-9417,843
US-9418,1093
US-9419,794
US-9420,1053
US-9421,1099
US-9422,1152
US-9423,807
US-9424,577
US-9425,604
US-9426,1102
US-9427,768
US-9428,840
US-9429,597
US-9430,984
US-9431,955
US-9432,600
US-9433,686
US-9434,1083
US-9435,820
US-9436,728
US-9437,1152
US-9438,1007
US-9439,1096
US-9440,1083
US-9441,673
US-9442,646
US-9443,1001
US-9444,912
US-9445,1188
US-9446,827
US-9447,827
US-9448,912
US-9449,879
US-9450,899
US-9451,787
US-9452,856
US-9453,879
US-9454,840
US-9455,1004
US-9456,958
US-9457,978
US-9458,741
US-9459,1066
US-9460,577
US-9461,1132
US-9462,1001
US-9463,866
US-9464,761
US-9465,682
US-9466,846
US-9467,948
US-9468,1247
US-9469,1175
US-9470,896
US-9471,636
US-9472,1135
US-9473,1063
US-9474,1227
US-9475,732
US-9476,571
US-9477,797
US-9478,686
US-9479,571
US-9480,876
US-9481,568
US-9482,627
US-9483,883
US-9484,1148
US-9485,909
US-9486,564
US-9487,1063
US-9488,666
US-9489,1056
US-9490,961
US-9491,804
US-9492,764
US-9493,577
US-9494,787
US-9495,991
US-9496,597
US-9497,755
US-9498,978
US-9499,846
US-9500,922
US-9501,1017
US-9502,846
US-9503,860
US-9504,702
US-9505,902
US-9506,902
US-9507,738
US-9508,571
US-9509,869
US-9510,630
US-9511,1132
US-9512,1063
US-9513,627
US-9514,1014
US-9515,889
US-9516,712
US-9517,564
US-9518,1161
US-9519,1004
US-9520,1063
US-9521,856
US-9522,1247
US-9523,43
US-9524,194
US-9525,115
US-9526,0
US-9527,36
US-9528,856
US-9529,33
US-9530,92
US-9531,230
US-9532,13
US-9533,33
US-9534,118
US-9535,13
US-9536,7
US-9537,157
US-9538,105
US-9539,26
US-9540,10
US-9541,728
US-9542,46
US-9543,200
US-9544,23
US-9545,4324
US-9546,358
US-9547,154
US-9548,66
US-9549,1631
US-9550,384
US-9551,59
US-9552,46
US-9553,210
US-9554,66
US-9555,4311
US-9556,4232
US-9557,551
US-9558,338
US-9559,26
US-9560,719
US-9561,184
US-9562,23
US-9563,26
US-9564,2523
US-9565,1631
US-9566,459
US-9567,7
US-9568,0
US-9569,79
US-9570,128
US-9571,66
US-9572,4196
US-9573,72
US-9574,30
US-9575,13
US-9576,36
US-9577,10
US-9578,4383
US-9579,23
US-9580,30
US-9581,30
US-9582,46
US-9583,13
US-9584,997
US-9585,59
US-9586,49
US-9587,23
US-9588,89
US-9590,9770
US-9591,8694
US-9592,11650
US-9593,5230
US-9594,5866
US-9595,4961
US-9596,8281
US-9597,7382
US-9598,7077
US-9599,7536
US-9600,7785
US-9601,8953
US-9602,7339
US-9603,4259
US-9604,10384
US-9605,11421
US-9606,10827
US-9607,5584
US-9609,8507
US-9610,8832
US-9611,8133
US-9612,8622
US-9613,7536
US-9614,9925
US-9615,4846
US-9616,7090
US-9617,6883
US-9618,7782
US-9619,8009
US-9620,6447
US-9621,5085
US-9622,7428
US-9623,3885
US-9624,9895
US-9625,5732
US-9626,4209
US-9627,3688
US-9628,4557
US-9629,6378
US-9630,8871
US-9631,6677
US-9632,9590
US-9633,9918
US-9634,8241
US-9635,7572
US-9636,4190
US-9637,7986
US-9638,8330
US-9639,3438
US-9640,8136
US-9641,6788
US-9642,7884
US-9643,9150
US-9644,8146
US-9645,8163
US-9646,3724
US-9647,7336
US-9648,5935
US-9649,3868
US-9650,8166
US-9651,3809
US-9652,3448
US-9653,6312
US-9654,8241
US-9655,4170
US-9656,3809
US-9657,4117
US-9658,8419
US-9659,9331
US-9660,7733
US-9662,7559
US-9663,3484
US-9664,4088
US-9665,3885
US-9666,9797
US-9667,4675
US-9668,3668
US-9669,5141
US-9670,3560
US-9671,7756
US-9672,8527
US-9673,4245
US-9674,6168
US-9675,4304
US-9676,7077
US-9677,8340
US-9678,7841
US-9679,7710
US-9680,397
US-9681,203
US-9682,4547
US-9683,3550
US-9684,105
US-9696,0
US-9697,0
US-9698,0
US-9699,13
US-9700,0
US-9701,0
US-9702,0
US-9704,902
US-9718,1857
US-9719,384
US-9720,636
US-9721,325
US-9739,702
US-9740,994
US-9741,961
US-9742,2067
US-9743,1604
US-9752,984
US-9753,906
US-9755,1818
US-9756,830
US-9757,5820
US-9758,1647
US-9759,49
US-9760,105
US-9761,7
US-9762,958
US-9763,236
US-9765,338
US-9766,1020
US-9767,174
US-9768,1503
US-9769,7
US-9770,72
US-9771,1014
US-9772,59
US-9773,863
US-9774,407
US-9776,282
US-9777,190
US-9778,728
US-9779,400
US-9780,62
US-9782,243
US-9783,1014
US-9784,177
US-9785,591
US-9786,118
US-9787,1634
US-9788,394
US-9790,1076
US-9791,56
US-9792,823
US-9793,217
US-9794,889
US-9795,646
US-9796,1132
US-9797,554
US-9798,1007
US-9799,1670
US-9800,584
US-9802,709
US-9804,955
US-9805,922
US-9806,594
US-9807,801
US-9809,646
US-9813,1053
US-9814,827
US-9815,1083
US-9816,1184
US-9819,1083
US-9821,1447
US-9826,1014
US-9827,1532
US-9828,1312
US-9829,909
US-9830,823
US-9831,971
US-9832,755
US-9833,840
US-9834,889
US-9835,892
US-9836,1056
US-9837,738
US-9838,1043
US-9839,899
US-9840,1152
US-9841,909
US-9842,784
US-9843,991
US-9844,443
US-9845,1184
US-9846,942
US-9847,440
US-9848,830
US-9849,30
US-9850,981
US-9851,827
US-9852,1043
US-9853,840
US-9854,889
US-9855,945
US-9856,1024
US-9857,833
US-9858,928
US-9859,764
US-9860,968
US-9861,866
US-9862,827
US-9863,804
US-9864,840
US-9865,545
US-9866,997
US-9867,682
US-9868,850
US-9869,896
US-9870,676
US-9871,817
US-9872,738
US-9873,958
US-9874,587
US-9875,584
US-9876,604
US-9877,26
US-9878,285
US-9879,7
US-9880,587
US-9881,125
US-9882,0
US-9883,13
US-9885,3
US-9886,3
US-9887,7
US-9889,253
US-9890,52
US-9891,56
US-9892,13
US-9893,630
US-9894,1145
US-9895,545
US-9896,266
US-9897,16
US-9898,36
US-9899,69
US-9900,266
US-9901,266
US-9902,0
US-9903,5705
US-9904,1522
US-9905,2182
US-9906,3186
US-9907,20
US-9908,1194
US-9909,2283
US-9910,741
US-9911,243
US-9912,312
US-9913,1099
US-9914,673
US-9915,620
US-9916,36
US-9918,495
US-9919,154
US-9920,5705
US-9922,1335
US-9923,3327
US-9924,548
US-9925,1644
US-9926,69
US-9927,489
US-9928,978
US-9929,1099
US-9930,4121
US-9931,1453
US-9932,3025
US-9933,443
US-9934,509
US-9935,341
US-9936,535
US-9937,112
US-9938,2175
US-9939,3104
US-9940,2890
US-9941,1880
US-9942,3196
US-9943,2464
US-9944,1457
US-9945,2375
US-9946,5062
US-9947,2979
US-9948,4337
US-9949,3261
US-9950,2402
US-9951,4042
US-9952,3727
US-9953,3698
US-9954,3327
US-9955,1749
US-9956,3287
US-9957,2428
US-9958,2749
US-9959,3415
US-9960,3297
US-9961,-3
US-9966,397
US-9967,121
US-9968,2290
US-9969,600
US-9970,2306
US-9971,2671
US-9972,1588
US-9973,1982
US-9974,2093
US-9975,837
US-9976,4062
US-9977,226
US-9978,161
US-9979,846
US-9980,640
US-9981,823
US-9982,1309
US-9983,1463
US-9984,128
US-9985,3852
US-9986,397
US-9987,4715
US-9988,551
US-9989,430
US-9990,3320
US-9991,3061
US-9992,1007
US-9993,2500
US-9994,0
US-9995,876
US-9996,26
US-9997,269
US-9998,266
US-9999,322
US-10000,449
US-10001,577
US-10002,2684
US-10003,2815
US-10004,1007
US-10005,2077
US-10006,5863
US-10007,115
US-10008,4140
US-10009,692
US-10010,833
US-10011,4154
US-10012,2740
US-10013,262
US-10014,390
US-10015,138
US-10016,663
US-10017,1191
US-10018,928
US-10019,3606
US-10020,843
US-10021,3819
US-10022,5259
US-10023,4137
US-10024,4843
US-10025,4311
US-10026,4934
US-10027,3481
US-10028,3734
US-10029,3
US-10030,3389
US-10031,853
US-10032,3491
US-10033,246
US-10034,617
US-10035,1864
US-10036,2113
US-10037,187
US-10038,174
US-10039,26
US-10040,184
US-10041,135
US-10042,1037
US-10043,387
US-10044,1358
US-10045,89
US-10046,466
US-10047,732
US-10048,256
US-10049,1237
US-10050,656
US-10051,243
US-10052,305
US-10053,3163
US-10054,1378
US-10055,3045
US-10056,1447
US-10061,5118
US-10062,4997
US-10063,663
US-10064,39
US-10065,115
US-10066,4898
US-10067,4501
US-10068,4498
US-10069,4508
US-10070,5571
US-10071,5226
US-10072,7503
US-10073,312
US-10075,587
US-10076,499
US-10078,305
US-10079,732
US-10080,1391
US-10081,259
US-10082,1352
US-10083,1483
US-10084,696
US-10085,531
US-10086,863
US-10087,896
US-10088,1010
US-10090,764
US-10091,440
US-10092,26
US-10093,712
US-10094,436
US-10095,459
US-10097,3
US-10098,364
US-10099,607
US-10100,430
US-10102,2999
US-10103,892
US-10104,764
US-10105,466
US-10106,719
US-10107,725
US-10109,7
US-10110,1155
US-10111,1040
US-10112,1919
US-10116,758
US-10119,92
US-10121,1178
US-10124,659
US-10128,354
US-10131,614
US-10134,0
US-10135,525
US-10137,443
US-10138,948
US-10139,2487
US-10140,377
US-10141,1056
US-10142,7
US-10143,804
US-10145,971
US-10146,1463
US-10147,328
US-10148,673
US-10152,807
US-10153,764
US-10155,889
US-10157,896
US-10158,1102
US-10159,961
US-10160,1191
US-10161,581
US-10162,607
US-10164,1640
US-10165,551
US-10166,561
US-10167,817
US-10168,1004
US-10170,761
US-10171,906
US-10172,807
US-10173,853
US-10174,1407
US-10175,3258
US-10176,6864
US-10177,1040
US-10178,860
US-10179,768
US-10180,620
US-10181,614
US-10182,1070
US-10183,1132
US-10184,1070
US-10185,617
US-10186,1027
US-10189,974
US-10190,1076
US-10191,1040
US-10192,1017
US-10193,781
US-10194,1027
US-10195,991
US-10196,692
US-10197,1053
US-10198,892
US-10199,965
US-10200,951
US-10201,541
US-10202,801
US-10203,1509
US-10204,794
US-10205,794
US-10206,486
US-10207,541
US-10208,614
US-10209,607
US-10210,1404
US-10211,879
US-10212,928
US-10213,1125
US-10214,1348
US-10215,1699
US-10216,1109
US-10217,266
US-10218,968
US-10219,1122
US-10220,994
US-10221,1053
US-10222,1112
US-10223,1726
US-10224,531
US-10225,679
US-10226,676
US-10227,741
US-10228,696
US-10229,738
US-10230,988
US-10231,823
US-10232,860
US-10233,650
US-10234,735
US-10235,945
US-10236,646
US-10237,892
US-10238,902
US-10239,676
US-10240,1280
US-10241,322
US-10242,1227
US-10243,696
US-10244,719
US-10245,659
US-10246,709
US-10247,866
US-10248,784
US-10249,1752
US-10250,597
US-10251,4278
US-10252,594
US-10253,902
US-10254,869
US-10255,886
US-10256,574
US-10257,226
US-10258,1040
US-10259,741
US-10260,610
US-10262,2730
US-10263,26
US-10264,581
US-10265,558
US-10266,755
US-10267,571
US-10268,8241
US-10269,489
US-10270,492
US-10272,2802
US-10273,3133
US-10274,30
US-10275,200
US-10276,230
US-10277,768
US-10278,1568
US-10279,797
US-10280,689
US-10281,0
US-10282,692
US-10283,958
US-10284,302
US-10285,791
US-10286,705
US-10292,1476
US-10293,1240
US-10294,1877
US-10295,1296
US-10297,338
US-10298,906
US-10299,1083
US-10300,1378
US-10301,1378
US-10302,1624
US-10303,525
US-10304,5030
US-10305,4350
US-10306,922
US-10307,873
US-10308,906
US-10309,574
US-10310,650
US-10311,3114
US-10312,794
US-10318,827
US-10319,1440
US-10320,1345
US-10321,1352
US-10322,1385
US-10323,1362
US-10324,1385
US-10325,1631
US-10326,1591
US-10327,1631
US-10328,1604
US-10329,2254
US-10330,2907
US-10331,3481
US-10332,253
US-10333,338
US-10334,4951
US-10335,4993
US-10336,3960
US-10337,5896
US-10338,5705
US-10339,4528
US-10340,1568
US-10341,1152
US-10342,3917
US-10343,5200
US-10344,2523
US-10345,3917
US-10346,3458
US-10347,3734
US-10348,7503
US-10349,1224
US-10350,1207
US-10352,89
US-10353,7
US-10354,75
US-10355,56
US-10356,1096
US-10357,896
US-10358,791
US-10359,1312
US-10360,1640
US-10361,1591
US-10362,1617
US-10363,1411
US-10364,1414
US-10365,1611
US-10366,1621
US-10367,1624
US-10368,1631
US-10369,1604
US-10370,1434
US-10371,1411
US-10372,1237
US-10373,1611
US-10374,1647
US-10375,1611
US-10376,1594
US-10377,1657
US-10378,1352
US-10379,1365
US-10380,1102
US-10381,8196
US-10382,4852
US-10383,8186
US-10386,1486
US-10387,1181
US-10388,26
US-10389,1473
US-10390,551
US-10391,778
US-10392,942
US-10396,745
US-10397,4370
US-10398,1923
US-10399,1335
US-10400,1781
US-10401,112
US-10402,2382
US-10403,541
US-10404,689
US-10405,476
US-10406,164
US-10407,2192
US-10408,863
US-10409,551
US-10410,725
US-10411,157
US-10412,151
US-10413,39
US-10414,167
US-10415,548
US-10416,0
US-10417,66
US-10418,3025
US-10419,3678
US-10420,4721
US-10421,1762
US-10422,5220
US-10423,4701
US-10424,213
US-10425,440
US-10426,1119
US-10427,4505
US-10428,1463
US-10429,2598
US-10430,2133
US-10431,2129
US-10432,994
US-10433,2533
US-10434,4997
US-10435,2513
US-10436,4898
US-10437,3018
US-10438,4278
US-10439,5194
US-10440,6509
US-10441,4393
US-10442,6253
US-10443,6483
US-10444,2953
US-10445,978
US-10446,1266
US-10447,256
US-10448,220
US-10449,374
US-10450,144
US-10451,26
US-10452,197
US-10453,364
US-10454,367
US-10455,164
US-10456,184
US-10457,1004
US-10458,679
US-10462,39
US-10463,207
US-10464,0
US-10465,292
US-10466,4472
US-10467,709
US-10468,574
US-10469,5240
US-10470,643
US-10471,912
US-10472,948
US-10473,1099
US-10474,2051
US-10475,1732
US-10476,1972
US-10477,3333
US-10478,2123
US-10479,2070
US-10480,3077
US-10481,2674
US-10482,3291
US-10483,4577
US-10484,4321
US-10485,4209
US-10486,4478
US-10487,4341
US-10488,4623
US-10489,4295
US-10490,4154
US-10491,4918
US-10492,1175
US-10493,2648
US-10494,1089
US-10495,1207
US-10496,1184
US-10497,545
US-10498,361
US-10499,787
US-10500,4193
US-10501,220
US-10502,3629
US-10503,2175
US-10504,5210
US-10505,5344
US-10506,486
US-10507,3045
US-10508,981
US-10509,377
US-10510,4180
US-10511,115
US-10512,3304
US-10513,4951
US-10514,4098
US-10516,4872
US-10517,614
US-10518,4534
US-10519,869
US-10521,5938
US-10524,3950
US-10525,2526
US-10526,3638
US-10527,2411
US-10528,3461
US-10529,3271
US-10530,2185
US-10531,49
US-10532,5220
US-10533,5121
US-10534,6240
US-10535,5971
US-10536,2208
US-10537,3734
US-10538,4091
US-10539,6890
US-10540,5118
US-10541,-59
US-10542,33
US-10543,33
US-10544,820
US-10545,226
US-10546,3
US-10547,-26
US-10548,141
US-10549,912
US-10550,49
US-10551,92
US-10552,69
US-10553,26
US-10554,20
US-10555,1234
US-10556,1211
US-10557,1148
US-10558,830
US-10559,125
US-10560,5850
US-10561,728
US-10562,125
US-10563,318
US-10564,5449
US-10565,30
US-10566,33
US-10567,26
US-10568,131
US-10569,118
US-10570,105
US-10571,121
US-10572,748
US-10573,735
US-10574,1004
US-10575,804
US-10576,827
US-10577,709
US-10578,761
US-10579,843
US-10580,840
US-10581,732
US-10582,925
US-10583,938
US-10584,801
US-10585,810
US-10586,1007
US-10587,650
US-10588,33
US-10589,978
US-10590,141
US-10591,39
US-10592,89
US-10593,10
US-10594,69
US-10595,1312
US-10596,1102
US-10597,725
US-10598,525
US-10599,653
US-10600,820
US-10601,79
US-10602,95
US-10603,85
US-10604,85
US-10605,52
US-10606,2851
US-10607,722
US-10608,23
US-10609,7
US-10610,564
US-10611,2595
US-10612,2799
US-10613,1558
US-10614,105
US-10615,105
US-10616,66
US-10617,82
US-10618,105
US-10619,72
US-10620,118
US-10621,797
US-10622,341
US-10623,358
US-10624,2428
US-10625,4157
US-10626,3638
US-10627,3196
US-10628,1086
US-10629,2356
US-10630,5561
US-10631,1621
US-10632,1099
US-10633,643
US-10635,2434
US-10642,833
US-10643,817
US-10644,787
US-10645,807
US-10646,748
US-10647,915
US-10648,879
US-10649,896
US-10650,899
US-10651,814
US-10652,794
US-10653,915
US-10654,883
US-10655,1578
US-10656,82
US-10657,4150
US-10658,1001
US-10659,7
US-10660,492
US-10661,367
US-10662,476
US-10663,282
US-10664,479
US-10665,2011
US-10666,705
US-10667,36
US-10668,20
US-10669,30
US-10670,30
US-10671,20
US-10672,26
US-10673,43
US-10674,36
US-10675,7
US-10676,26
US-10677,10
US-10678,26
US-10679,36
US-10680,30
US-10681,30
US-10682,23
US-10683,13
US-10684,20
US-10685,39
US-10686,33
US-10687,39
US-10688,13
US-10689,43
US-10690,-3
US-10691,3
US-10693,505
US-10694,1070
US-10695,1850
US-10696,3786
US-10697,646
US-10698,568
US-10699,525
US-10700,676
US-10701,735
US-10702,699
US-10703,699
US-10704,738
US-10705,738
US-10706,154
US-10707,240
US-10708,515
US-10709,226
US-10710,118
US-10711,495
US-10712,1010
US-10713,1063
US-10714,1063
US-10715,384
US-10716,1759
US-10717,1680
US-10718,1234
US-10719,177
US-10720,892
US-10721,719
US-10722,922
US-10723,925
US-10724,955
US-10725,876
US-10727,797
US-10728,814
US-10729,466
US-10730,7598
US-10731,1325
US-10732,20
US-10733,1184
US-10734,3028
US-10735,6178
US-10736,4324
US-10737,4091
US-10738,3652
US-10739,4987
US-10740,4429
US-10741,3517
US-10742,4990
US-10743,4403
US-10744,3825
US-10745,5049
US-10746,3589
US-10747,4954
US-10748,6604
US-10749,4938
US-10750,4905
US-10751,20
US-10752,833
US-10753,3727
US-10754,1358
US-10755,1250
US-10756,0
US-10757,2772
US-10758,0
US-10759,13
US-10760,515
US-10761,502
US-10762,85
US-10763,3
US-10764,66
US-10765,85
US-10766,2339
US-10767,2224
US-10768,1375
US-10769,1975
US-10770,1949
US-10771,1736
US-10773,531
US-10774,75
US-10775,23
US-10776,4078
US-10777,308
US-10778,3596
US-10779,75
US-10780,-7
US-10781,141
US-10782,499
US-10783,748
US-10784,2454
US-10785,820
US-10786,702
US-10787,564
US-10788,459
US-10789,4662
US-10790,7054
US-10791,8524
US-10792,6955
US-10793,7539
US-10794,6247
US-10795,6188
US-10796,6440
US-10797,7441
US-10798,7277
US-10799,7956
US-10800,6693
US-10802,30
US-10804,6532
US-10805,6529
US-10806,6768
US-10807,8002
US-10808,7566
US-10809,7382
US-10810,6778
US-10811,6611
US-10812,5636
US-10813,4678
US-10815,6394
US-10816,6827
US-10817,5427
US-10818,6381
US-10819,6955
US-10820,4140
US-10821,5213
US-10822,7710
US-10823,6896
US-10824,5407
US-10825,3885
US-10826,4770
US-10828,5948
US-10829,4790
US-10830,5335
US-10832,6729
US-10833,5755
US-10834,5807
US-10835,7198
US-10836,5591
US-10837,6706
US-10838,7241
US-10839,5997
US-10840,4534
US-10841,7306
US-10842,6699
US-10843,4820
US-10844,6109
US-10845,6037
US-10846,7005
US-10847,3990
US-10848,5144
US-10849,7441
US-10850,7215
US-10851,3894
US-10852,771
US-10853,5528
US-10854,7205
US-10855,6831
US-10856,6467
US-10857,6414
US-10860,5650
US-10861,7169
US-10862,5013
US-10863,7487
US-10864,7165
US-10865,4406
US-10866,617
US-10867,945
US-10868,295
US-10869,295
US-10870,614
US-10871,1030
US-10872,814
US-10873,1214
US-10874,1086
US-10875,220
US-10876,5787
US-10877,6194
US-10878,4911
US-10879,8287
US-10880,5184
US-10881,6893
US-10882,7700
US-10883,7037
US-10884,4183
US-10885,7231
US-10886,5020
US-10887,7625
US-10888,7037
US-10889,7697
US-10890,6896
US-10891,7034
US-10892,5315
US-10893,8415
US-10894,3537
US-10895,3799
US-10896,9019
US-10897,7264
US-10898,7277
US-10899,5531
US-10900,5427
US-10901,6703
US-10902,6575
US-10903,489
US-10904,922
US-10905,781
US-10906,922
US-10907,1184
US-10908,876
US-10909,400
US-10910,512
US-10911,16
US-10912,833
US-10913,249
US-10914,98
US-10915,43
US-10916,43
US-10917,879
US-10918,1283
US-10919,43
US-10920,13
US-10921,39
US-10922,33
US-10923,3
US-10924,1706
US-10925,2648
US-10926,6785
US-10927,4652
US-10928,5620
US-10929,4797
US-10930,7733
US-10931,8799
US-10932,7159
US-10933,4760
US-10934,8862
US-10935,7776
US-10936,9590
US-10937,7251
US-10938,4879
US-10939,7156
US-10940,6594
US-10941,7044
US-10942,6965
US-10943,6299
US-10944,7359
US-10945,7297
US-10946,4432
US-10947,5121
US-10950,764
US-10951,1270
US-10952,236
US-10953,1079
US-10954,446
US-10955,427
US-10956,538
US-10957,374
US-10958,420
US-10959,338
US-10960,6266
US-10961,594
US-10962,413
US-10963,4436
US-10964,4652
US-10965,7792
US-10966,5089
US-10967,6821
US-10968,4944
US-10969,5410
US-10970,4642
US-10971,5167
US-10972,5896
US-10973,7395
US-10974,5482
US-10975,6302
US-10976,6037
US-10977,5085
US-10979,4049
US-10980,8228
US-10981,7552
US-10982,6814
US-10983,9524
US-10984,5591
US-10985,7638
US-10986,5253
US-10987,6411
US-10988,5702
US-10989,4314
US-10990,5223
US-10991,7651
US-10992,4452
US-10993,11916
US-10994,7070
US-10995,2812
US-10996,6585
US-10997,5846
US-10999,5138
US-11000,5676
US-11001,5174
US-11002,6572
US-11003,5735
US-11004,3691
US-11005,4442
US-11006,5522
US-11007,4774
US-11008,5574
US-11009,4580
US-11010,6732
US-11011,4928
US-11012,9754
US-11013,568
US-11014,1417
US-11015,1047
US-11017,364
US-11018,974
US-11019,4915
US-11020,4534
US-11021,1142
US-11022,1047
US-11023,1227
US-11024,1444
US-11025,479
US-11026,1138
US-11027,879
US-11028,784
US-11029,827
US-11030,902
US-11031,994
US-11032,125
US-11033,95
US-11034,846
US-11035,656
US-11036,656
US-11037,1155
US-11038,942
US-11039,1129
US-11040,1004
US-11041,761
US-11042,873
US-11043,381
US-11044,4409
US-11045,584
US-11046,1575
US-11047,577
US-11049,2277
US-11050,2343
US-11052,285
US-11053,272
US-11054,331
US-11055,269
US-11056,312
US-11057,873
US-11058,988
US-11059,1027
US-11060,1040
US-11061,1102
US-11062,1129
US-11064,617
US-11065,499
US-11066,561
US-11067,518
US-11068,722
US-11069,640
US-11070,830
US-11071,1060
US-11072,1224
US-11073,1224
US-11074,794
US-11075,902
US-11076,935
US-11077,1007
US-11078,1168
US-11079,1047
US-11080,846
US-11081,1135
US-11082,984
US-11083,1286
US-11084,1083
US-11085,1043
US-11086,1214
US-11087,4245
US-11088,377
US-11089,2398
US-11090,6772
US-11091,4255
US-11092,5492
US-11093,6949
US-11094,5525
US-11095,4003
US-11096,6207
US-11097,7106
US-11098,5466
US-11099,4688
US-11100,5761
US-11101,8363
US-11102,6998
US-11103,5853
US-11104,7195
US-11105,4514
US-11106,6677
US-11107,7070
US-11108,9803
US-11109,4688
US-11110,5522
US-11111,6877
US-11112,4508
US-11113,6703
US-11114,4931
US-11115,5856
US-11116,5413
US-11117,4354
US-11118,8688
US-11119,4400
US-11120,4754
US-11121,5679
US-11122,7559
US-11123,6532
US-11124,3018
US-11125,1332
US-11126,4232
US-11127,371
US-11128,1027
US-11129,991
US-11130,955
US-11131,1243
US-11132,1086
US-11133,1542
US-11134,1362
US-11135,1033
US-11137,1138
US-11138,1070
US-11139,866
US-11140,837
US-11141,925
US-11142,1880
US-11143,400
US-11144,413
US-11145,6460
US-11146,2910
US-11147,1316
US-11148,915
US-11150,1198
US-11151,1207
US-11152,1335
US-11153,899
US-11154,1470
US-11155,2343
US-11156,817
US-11157,5052
US-11158,6145
US-11159,5174
US-11160,7897
US-11161,7487
US-11162,5778
US-11163,7677
US-11164,262
US-11165,440
US-11166,4738
US-11167,5659
US-11168,5846
US-11169,5449
US-11170,7690
US-11171,7316
US-11172,5843
US-11173,6795
US-11174,7129
US-11175,4199
US-11176,6033
US-11177,4724
US-11178,10026
US-11179,6001
US-11180,6066
US-11181,1237
US-11182,1263
US-11183,6099
US-11184,7349
US-11185,5240
US-11186,6362
US-11187,7221
US-11188,6959
US-11189,8589
US-11190,6654
US-11191,5696
US-11192,5577
US-11193,4649
US-11194,8255
US-11195,4908
US-11196,6207
US-11197,6512
US-11198,6316
US-11199,5636
US-11200,5102
US-11201,5938
US-11202,5978
US-11203,5869
US-11204,6736
US-11205,6522
US-11206,5817
US-11207,4590
US-11208,5469
US-11209,5502
US-11210,4613
US-11211,4797
US-11212,5686
US-11213,171
US-11214,197
US-11215,2995
US-11216,4163
US-11217,3947
US-11218,2054
US-11219,3104
US-11221,5312
US-11222,1289
US-11223,49
US-11224,1158
US-11225,1673
US-11226,768
US-11227,912
US-11228,833
US-11229,817
US-11230,915
US-11231,584
US-11233,144
US-11235,440
US-11236,791
US-11237,4045
US-11238,1604
US-11239,6270
US-11241,817
US-11242,4767
US-11243,600
US-11244,0
US-11245,1250
US-11246,417
US-11247,1020
US-11249,4977
US-11250,5512
US-11251,4777
US-11252,5190
US-11253,5282
US-11254,4852
US-11255,2133
US-11256,2051
US-11257,3182
US-11258,5039
US-11259,6207
US-11260,4928
US-11261,5131
US-11262,5200
US-11263,4085
US-11264,3291
US-11265,748
US-11266,676
US-11267,663
US-11268,302
US-11269,8058
US-11270,5033
US-11271,2349
US-11272,390
US-11273,2428
US-11274,840
US-11275,8579
US-11276,4692
US-11277,5404
US-11278,5364
US-11279,6739
US-11280,6171
US-11281,5541
US-11282,6411
US-11283,1453
US-11284,1827
US-11285,1631
US-11286,1342
US-11287,2014
US-11288,1575
US-11289,1483
US-11290,837
US-11291,971
US-11292,144
US-11294,1860
US-11295,5407
US-11296,5377
US-11297,3845
US-11298,4049
US-11299,6253
US-11300,3770
US-11301,5417
US-11302,6014
US-11303,5030
US-11304,5072
US-11305,614
US-11306,607
US-11307,604
US-11308,6122
US-11309,6542
US-11310,5554
US-11311,5869
US-11312,5131
US-11313,5299
US-11314,4911
US-11315,5745
US-11316,4255
US-11317,4698
US-11318,6207
US-11319,5512
US-11320,5115
US-11321,2441
US-11322,1549
US-11323,679
US-11324,617
US-11325,4009
US-11326,6237
US-11327,6352
US-11328,2228
US-11329,545
US-11330,2116
US-11331,2123
US-11332,5955
US-11333,5420
US-11334,5075
US-11335,2185
US-11336,3117
US-11337,997
US-11338,0
US-11340,33
US-11341,5223
US-11342,1043
US-11343,5279
US-11344,4114
US-11345,4117
US-11346,5906
US-11347,5154
US-11348,5518
US-11349,5240
US-11350,5938
US-11351,436
US-11352,322
US-11353,928
US-11354,656
US-11355,230
US-11356,1056
US-11357,587
US-11358,748
US-11359,843
US-11360,1073
US-11361,1040
US-11362,1014
US-11363,1010
US-11364,1030
US-11365,965
US-11366,935
US-11367,548
US-11368,443
US-11369,807
US-11370,1220
US-11371,781
US-11372,1050
US-11373,620
US-11374,627
US-11375,151
US-11376,16
US-11377,774
US-11378,682
US-11379,3199
US-11380,2913
US-11381,2503
US-11382,3255
US-11383,4915
US-11384,4180
US-11385,3196
US-11386,2986
US-11387,4820
US-11388,3304
US-11389,4613
US-11390,3602
US-11391,5299
US-11392,715
US-11393,912
US-11394,456
US-11395,545
US-11396,899
US-11397,1699
US-11398,1686
US-11399,1375
US-11400,1575
US-11401,1608
US-11402,1358
US-11403,1175
US-11404,1926
US-11405,1158
US-11406,1657
US-11407,1365
US-11408,942
US-11409,1788
US-11410,958
US-11411,942
US-11412,1739
US-11413,1473
US-11414,1194
US-11415,840
US-11416,4921
US-11417,5033
US-11418,6247
US-11419,4760
US-11420,3133
US-11421,4862
US-11423,3461
US-11424,2657
US-11425,4616
US-11426,2287
US-11427,1168
US-11428,666
US-11429,732
US-11430,850
US-11431,1503
US-11432,1680
US-11433,896
US-11434,1522
US-11435,1135
US-11436,1220
US-11437,817
US-11438,892
US-11439,1962
US-11440,1601
US-11441,1306
US-11442,1125
US-11443,1982
US-11444,1617
US-11445,1148
US-11446,1650
US-11447,712
US-11448,1417
US-11449,1096
US-11450,1010
US-11451,1010
US-11452,1608
US-11453,1329
US-11454,1670
US-11455,892
US-11456,338
US-11457,1325
US-11458,1066
US-11459,1033
US-11460,351
US-11461,531
US-11462,351
US-11463,4114
US-11464,3182
US-11465,1430
US-11466,292
US-11467,413
US-11468,453
US-11469,361
US-11470,249
US-11471,1132
US-11472,377
US-11473,830
US-11474,732
US-11475,827
US-11476,630
US-11477,712
US-11478,804
US-11479,190
US-11480,879
US-11481,157
US-11482,650
US-11483,955
US-11484,236
US-11485,269
US-11486,118
US-11487,725
US-11488,1257
US-11489,1152
US-11490,938
US-11491,420
US-11492,791
US-11493,915
US-11494,0
US-11495,1109
US-11496,827
US-11497,892
US-11498,876
US-11499,236
US-11500,699
US-11501,505
US-11502,292
US-11503,945
US-11504,249
US-11505,886
US-11506,1033
US-11507,1020
US-11508,764
US-11509,994
US-11510,348
US-11511,1010
US-11512,965
US-11513,400
US-11514,751
US-11515,741
US-11516,5141
US-11517,4347
US-11518,5719
US-11519,6276
US-11520,5397
US-11521,4895
US-11522,4721
US-11523,5154
US-11524,5174
US-11525,5164
US-11526,3005
US-11527,4839
US-11528,5013
US-11529,4944
US-11530,1683
US-11531,6306
US-11532,4888
US-11534,4862
US-11535,6732
US-11536,4715
US-11537,2818
US-11538,2930
US-11539,7054
US-11540,5174
US-11541,6119
US-11542,2769
US-11543,4957
US-11544,5912
US-11545,4724
US-11546,2887
US-11548,945
US-11549,610
US-11550,988
US-11551,1073
US-11552,554
US-11553,492
US-11554,1122
US-11555,991
US-11556,879
US-11557,1184
US-11558,1178
US-11559,725
US-11560,1188
US-11561,600
US-11562,604
US-11563,341
US-11564,1033
US-11565,669
US-11566,915
US-11567,1037
US-11568,1027
US-11569,761
US-11570,1004
US-11571,666
US-11572,325
US-11573,249
US-11574,620
US-11575,1096
US-11576,650
US-11577,741
US-11578,5614
US-11579,1535
US-11580,1184
US-11581,16
US-11582,1289
US-11583,663
US-11584,2133
US-11585,1211
US-11586,253
US-11587,20
US-11588,82
US-11589,249
US-11590,180
US-11591,3
US-11592,328
US-11593,548
US-11594,331
US-11595,10
US-11596,236
US-11597,449
US-11598,151
US-11599,36
US-11600,338
US-11601,223
US-11602,144
US-11603,26
US-11604,295
US-11605,568
US-11606,909
US-11607,187
US-11608,118
US-11609,174
US-11610,59
US-11611,98
US-11612,39
US-11613,102
US-11614,85
US-11615,75
US-11616,10
US-11618,10
US-11619,33
US-11620,121
US-11621,102
US-11622,39
US-11623,23
US-11624,3
US-11625,3
US-11626,174
US-11627,13
US-11628,112
US-11629,-7
US-11630,151
US-11631,-16
US-11632,62
US-11633,26
US-11634,125
US-11635,56
US-11636,-7
US-11637,36
US-11638,46
US-11640,748
US-11641,892
US-11642,5705
US-11643,5364
US-11644,4829
US-11645,4498
US-11646,5738
US-11647,5118
US-11648,5843
US-11649,6365
US-11650,4163
US-11651,4285
US-11652,5863
US-11653,4524
US-11654,4698
US-11655,4462
US-11656,4908
US-11657,5282
US-11658,4685
US-11659,4039
US-11660,5640
US-11661,4642
US-11662,5322
US-11663,4022
US-11664,5233
US-11665,5846
US-11666,4656
US-11667,5161
US-11668,6388
US-11669,787
US-11670,2192
US-11671,2159
US-11672,49
US-11673,840
US-11674,30
US-11675,66
US-11676,-36
US-11677,75
US-11678,33
US-11679,0
US-11680,49
US-11681,75
US-11682,75
US-11683,108
US-11684,59
US-11685,95
US-11686,13
US-11687,10
US-11688,66
US-11689,75
US-11690,213
US-11691,92
US-11692,-30
US-11693,144
US-11694,-10
US-11695,69
US-11696,125
US-11697,102
US-11698,735
US-11699,735
US-11700,1030
US-11701,988
US-11702,5305
US-11703,4948
US-11704,4173
US-11705,4075
US-11706,4032
US-11707,4177
US-11708,4190
US-11709,4275
US-11710,6329
US-11711,6152
US-11712,56
US-11713,203
US-11714,1280
US-11715,502
US-11716,617
US-11717,6463
US-11718,6424
US-11719,318
US-11720,5820
US-11721,4856
US-11722,8179
US-11723,7310
US-11724,6266
US-11725,5807
US-11726,5440
US-11727,5581
US-11728,6040
US-11729,4859
US-11730,6083
US-11732,10354
US-11733,8379
US-11734,6437
US-11735,6608
US-11736,5705
US-11737,6207
US-11738,6145
US-11739,5797
US-11740,5358
US-11741,7493
US-11742,8701
US-11743,6476
US-11744,7024
US-11745,6617
US-11746,5299
US-11747,4770
US-11748,6440
US-11749,6440
US-11750,6247
US-11751,6181
US-11752,5108
US-11753,5577
US-11754,5846
US-11755,6545
US-11756,4649
US-11757,5915
US-11758,4475
US-11760,5131
US-11761,2848
US-11762,5594
US-11763,3120
US-11764,4774
US-11765,4708
US-11766,5322
US-11767,5866
US-11768,974
US-11769,906
US-11770,6745
US-11771,853
US-11772,856
US-11773,1040
US-11774,758
US-11775,856
US-11776,863
US-11777,751
US-11778,1178
US-11779,5771
US-11780,7438
US-11781,794
US-11782,5417
US-11783,4514
US-11784,4459
US-11785,6250
US-11786,1066
US-11787,1155
US-11788,1335
US-11789,3983
US-11790,1381
US-11791,6325
US-11793,574
US-11795,5371
US-11796,4639
US-11797,5722
US-11798,0
US-11799,0
US-11800,0
US-11801,0
US-11802,0
US-11803,0
US-11804,0
US-11805,0
US-11806,5000
US-11807,5719
US-11808,23
US-11809,46
US-11810,56
US-11811,13
US-11812,36
US-11813,6047
US-11814,6657
US-11815,3278
US-11816,3261
US-11817,4009
US-11818,981
US-11819,361
US-11820,945
US-11821,3976
US-11822,6273
US-11823,5085
US-11824,1145
US-11825,0
US-11826,0
US-11827,0
US-11828,0
US-11829,0
US-11830,0
US-11831,0
US-11832,0
US-11833,0
US-11834,0
US-11835,0
US-11836,0
US-11837,994
US-11838,5440
US-11839,0
US-11840,4731
US-11842,794
US-11844,614
US-11845,925
US-11846,0
US-11848,1476
US-11849,325
US-11850,0
US-11851,0
US-11852,0
US-11853,0
US-11854,0
US-11855,0
US-11856,1693
US-11857,489
US-11858,417
US-11859,5705
US-11860,1821
US-11861,1772
US-11862,0
US-11863,112
US-11864,850
US-11865,659
US-11866,6040
US-11867,1381
US-11868,1404
US-11869,1142
US-11870,1001
US-11871,2100
US-11872,1345
US-11873,1109
US-11874,148
US-11875,1230
US-11876,692
US-11877,869
US-11878,659
US-11879,840
US-11880,154
US-11881,328
US-11882,135
US-11883,354
US-11884,4596
US-11885,4573
US-11886,4521
US-11887,4764
US-11888,4544
US-11889,5791
US-11890,4616
US-11891,4783
US-11892,5285
US-11893,5909
US-11894,4678
US-11895,8871
US-11896,4993
US-11897,6168
US-11898,5292
US-11899,3737
US-11900,4675
US-11901,1211
US-11902,9354
US-11903,98
US-11904,1335
US-11905,3192
US-11906,5361
US-11907,6339
US-11908,4957
US-11909,6010
US-11910,6778
US-11911,5440
US-11912,2884
US-11913,8310
US-11914,5892
US-11915,5797
US-11916,4984
US-11917,5066
US-11918,1795
US-11919,8478
US-11920,8360
US-11921,5240
US-11922,594
US-11923,5837
US-11924,5236
US-11925,7917
US-11926,5148
US-11927,1325
US-11928,1043
US-11929,997
US-11930,1060
US-11931,981
US-11932,984
US-11933,1083
US-11934,942
US-11935,925
US-11936,912
US-11937,837
US-11938,8173
US-11939,5266
US-11940,4879
US-11942,4275
US-11943,3957
US-11944,3199
US-11945,3560
US-11946,4163
US-11947,7008
US-11948,7060
US-11949,6923
US-11950,3258
US-11951,1240
US-11952,5827
US-11953,230
US-11955,633
US-11956,922
US-11957,938
US-11959,830
US-11960,505
US-11961,866
US-11962,961
US-11963,5617
US-11964,39
US-11965,138
US-11966,207
US-11967,906
US-11969,3
US-11970,174
US-11971,2274
US-11972,1316
US-11973,1037
US-11974,889
US-11975,2008
US-11976,1526
US-11977,171
US-11978,4081
US-11979,6368
US-11980,912
US-11981,3829
US-11982,928
US-11983,958
US-11984,253
US-11985,5774
US-11986,6722
US-11987,7457
US-11988,62
US-11989,3
US-11990,69
US-11991,95
US-11992,128
US-11993,49
US-11994,541
US-11995,49
US-11996,705
US-11997,794
US-11998,853
US-11999,1033
US-12000,883
US-12001,653
US-12002,495
US-12003,820
US-12004,830
US-12005,719
US-12006,476
US-12007,354
US-12008,469
US-12009,745
US-12010,741
US-12011,994
US-12012,545
US-12013,420
US-12014,600
US-12015,771
US-12016,692
US-12017,978
US-12018,958
US-12019,554
US-12020,564
US-12021,922
US-12023,735
US-12024,935
US-12025,735
US-12026,728
US-12027,1565
US-12028,689
US-12029,1450
US-12030,2110
US-12031,1030
US-12032,860
US-12033,1017
US-12034,2582
US-12035,1325
US-12036,1827
US-12037,876
US-12038,2096
US-12039,3136
US-12040,758
US-12041,1237
US-12042,801
US-12043,758
US-12044,1598
US-12045,741
US-12046,1115
US-12047,1191
US-12048,794
US-12049,955
US-12050,1401
US-12051,1880
US-12052,2208
US-12053,2333
US-12054,860
US-12055,1063
US-12056,574
US-12057,1040
US-12058,909
US-12059,1345
US-12060,1726
US-12061,1312
US-12062,7
US-12063,5358
US-12064,1476
US-12065,830
US-12066,1322
US-12067,1391
US-12068,1319
US-12069,5863
US-12070,449
US-12071,449
US-12072,892
US-12073,1437
US-12074,1424
US-12075,1257
US-12076,1453
US-12077,909
US-12078,312
US-12079,915
US-12080,367
US-12081,1388
US-12082,561
US-12083,1145
US-12084,643
US-12085,925
US-12086,331
US-12087,1955
US-12088,2080
US-12089,2215
US-12090,2484
US-12091,2690
US-12092,1145
US-12093,574
US-12094,1017
US-12095,400
US-12096,243
US-12097,52
US-12098,223
US-12099,436
US-12100,341
US-12101,381
US-12102,420
US-12103,515
US-12104,289
US-12105,689
US-12106,10085
US-12107,689
US-12108,794
US-12109,49
US-12110,413
US-12111,4298
US-12112,5108
US-12113,1322
US-12114,696
US-12115,6742
US-12116,292
US-12117,325
US-12118,20
US-12119,3993
US-12121,52
US-12122,43
US-12123,46
US-12124,20
US-12125,56
US-12126,26
US-12127,23
US-12128,39
US-12129,92
US-12130,43
US-12131,33
US-12132,49
US-12133,95
US-12134,23
US-12135,56
US-12136,36
US-12137,5187
US-12138,8632
US-12139,9669
US-12140,8832
US-12141,4341
US-12142,5020
US-12143,4865
US-12144,6883
US-12145,5866
US-12146,5741
US-12147,5135
US-12148,5223
US-12149,6230
US-12150,7100
US-12151,7579
US-12152,1401
US-12153,2165
US-12154,978
US-12155,2251
US-12157,4495
US-12158,502
US-12159,3327
US-12160,3366
US-12161,4291
US-12162,433
US-12163,2598
US-12164,971
US-12165,919
US-12166,102
US-12167,1388
US-12168,72
US-12169,6677
US-12170,9678
US-12171,9114
US-12172,9291
US-12173,5833
US-12174,4760
US-12175,417
US-12176,4803
US-12177,8566
US-12178,4019
US-12179,669
US-12180,2628
US-12181,5036
US-12182,5013
US-12183,804
US-12184,522
US-12185,4587
US-12186,6109
US-12187,6158
US-12188,4268
US-12189,7953
US-12190,7562
US-12191,1086
US-12192,1220
US-12193,404
US-12194,344
US-12195,381
US-12196,548
US-12197,315
US-12198,453
US-12199,331
US-12200,489
US-12201,456
US-12202,230
US-12203,302
US-12204,374
US-12205,322
US-12206,377
US-12207,328
US-12208,177
US-12209,456
US-12210,2602
US-12211,3238
US-12212,4593
US-12213,784
US-12214,2257
US-12215,4265
US-12216,1791
US-12217,623
US-12219,5135
US-12220,4993
US-12221,5043
US-12222,6056
US-12223,3858
US-12224,2592
US-12225,3068
US-12226,2448
US-12227,2444
US-12228,2448
US-12229,2136
US-12230,5026
US-12231,5128
US-12232,2635
US-12233,2448
US-12234,1115
US-12235,1362
US-12236,4478
US-12238,2480
US-12239,1745
US-12240,2024
US-12241,2034
US-12243,1575
US-12244,2231
US-12245,1873
US-12246,1608
US-12247,1362
US-12248,1093
US-12249,1102
US-12250,535
US-12251,486
US-12252,988
US-12253,1152
US-12254,1808
US-12255,1437
US-12256,636
US-12257,476
US-12258,696
US-12259,669
US-12260,682
US-12261,728
US-12262,856
US-12263,804
US-12264,466
US-12265,646
US-12266,791
US-12267,2372
US-12268,659
US-12269,623
US-12270,899
US-12271,2343
US-12272,784
US-12273,1670
US-12274,1558
US-12275,794
US-12276,768
US-12277,1880
US-12278,2178
US-12279,4288
US-12280,699
US-12281,2874
US-12282,0
US-12283,1125
US-12284,2828
US-12285,16
US-12286,23
US-12287,16
US-12289,1683
US-12290,1476
US-12291,2343
US-12292,2346
US-12294,722
US-12295,3438
US-12296,2244
US-12297,187
US-12298,2083
US-12299,2188
US-12300,2139
US-12301,2310
US-12302,5915
US-12303,2520
US-12304,827
US-12305,1923
US-12306,1650
US-12307,4541
US-12308,1421
US-12309,272
US-12310,981
US-12311,384
US-12312,495
US-12313,653
US-12314,676
US-12315,1936
US-12316,3166
US-12317,2224
US-12318,1991
US-12319,1342
US-12320,656
US-12321,6132
US-12322,2119
US-12323,2267
US-12324,2169
US-12325,2106
US-12326,2346
US-12327,561
US-12329,663
US-12330,335
US-12331,387
US-12332,554
US-12333,2165
US-12334,2556
US-12335,16
US-12336,413
US-12337,2369
US-12338,39
US-12339,36
US-12340,0
US-12341,10
US-12342,56
US-12343,397
US-12344,1864
US-12345,1660
US-12346,433
US-12347,1532
US-12348,2306
US-12349,5673
US-12350,719
US-12351,958
US-12352,1804
US-12353,8212
US-12354,3720
US-12355,3714
US-12356,1283
US-12357,325
US-12358,1043
US-12359,466
US-12360,522
US-12361,1755
US-12362,2825
US-12363,1624
US-12364,1588
US-12366,630
US-12367,676
US-12368,676
US-12369,430
US-12370,4249
US-12371,3615
US-12372,6234
US-12373,6237
US-12374,1017
US-12375,666
US-12376,1194
US-12377,814
US-12378,1070
US-12379,938
US-12380,663
US-12381,0
US-12382,1526
US-12383,2543
US-12384,1010
US-12385,1076
US-12386,1188
US-12387,909
US-12388,745
US-12389,951
US-12390,614
US-12392,978
US-12393,771
US-12394,673
US-12395,843
US-12396,984
US-12397,2779
US-12398,1037
US-12399,1588
US-12400,571
US-12401,2247
US-12402,1089
US-12403,1093
US-12404,2182
US-12405,551
US-12406,341
US-12407,2651
US-12408,2684
US-12409,600
US-12410,571
US-12411,554
US-12412,443
US-12413,2411
US-12414,3655
US-12415,801
US-12416,561
US-12417,1608
US-12418,1572
US-12419,1211
US-12420,1368
US-12421,1627
US-12422,2359
US-12423,2054
US-12424,2195
US-12425,2195
US-12426,2018
US-12427,2041
US-12428,2146
US-12429,1916
US-12430,2533
US-12431,2244
US-12432,2175
US-12433,2395
US-12434,1949
US-12435,2077
US-12436,2940
US-12437,3599
US-12438,3307
US-12439,2953
US-12440,3635
US-12441,3182
US-12442,4275
US-12443,2799
US-12444,1900
US-12445,1900
US-12446,1040
US-12447,965
US-12448,955
US-12449,971
US-12450,1001
US-12451,958
US-12452,984
US-12453,10
US-12454,1086
US-12455,7146
US-12456,3593
US-12457,1283
US-12458,1214
US-12459,522
US-12460,272
US-12461,308
US-12462,20
US-12463,669
US-12464,4505
US-12465,49
US-12466,2031
US-12467,997
US-12468,810
US-12469,938
US-12470,1004
US-12471,758
US-12472,689
US-12473,1437
US-12474,1335
US-12475,1083
US-12476,1138
US-12477,1368
US-12478,1870
US-12479,1811
US-12480,1995
US-12481,49
US-12482,30
US-12483,712
US-12484,43
US-12485,1217
US-12486,781
US-12487,801
US-12488,1342
US-12489,108
US-12490,62
US-12491,1545
US-12492,794
US-12493,817
US-12494,873
US-12495,-7
US-12496,5466
US-12497,167
US-12498,2684
US-12499,807
US-12500,2339
US-12501,1926
US-12502,1496
US-12503,2503
US-12504,2828
US-12505,1362
US-12506,121
US-12507,0
US-12508,315
US-12509,46
US-12510,322
US-12511,249
US-12512,26
US-12514,1663
US-12515,43
US-12516,72
US-12517,535
US-12518,49
US-12519,3
US-12520,0
US-12521,125
US-12522,2320
US-12523,197
US-12524,269
US-12525,1010
US-12526,2257
US-12527,2175
US-12528,295
US-12529,197
US-12530,338
US-12531,135
US-12532,118
US-12533,36
US-12534,1188
US-12535,3258
US-12536,2828
US-12537,1640
US-12538,1850
US-12539,1204
US-12540,2369
US-12541,3373
US-12542,1040
US-12543,1450
US-12544,1841
US-12545,33
US-12546,46
US-12547,13
US-12548,348
US-12549,3
US-12550,13
US-12551,3
US-12552,7
US-12553,13
US-12554,3
US-12555,3
US-12556,92
US-12557,0
US-12558,607
US-12559,1978
US-12560,217
US-12561,16
US-12562,16
US-12563,1627
US-12564,240
US-12565,2070
US-12566,1965
US-12567,1864
US-12569,492
US-12570,2405
US-12571,758
US-12572,1604
US-12573,102
US-12574,20
US-12575,56
US-12576,66
US-12577,-3
US-12578,381
US-12579,325
US-12580,299
US-12581,666
US-12582,814
US-12583,558
US-12584,827
US-12585,4131
US-12586,4229
US-12587,4488
US-12588,7598
US-12589,676
US-12590,6109
US-12591,3602
US-12592,3560
US-12593,5705
US-12594,745
US-12595,6545
US-12596,607
US-12597,72
US-12598,98
US-12599,230
US-12600,971
US-12601,840
US-12602,177
US-12603,59
US-12604,558
US-12605,1004
US-12606,945
US-12607,118
US-12608,131
US-12609,305
US-12610,36
US-12611,26
US-12612,692
US-12613,7
US-12614,5554
US-12615,7182
US-12616,463
US-12617,614
US-12618,6762
US-12619,1532
US-12620,463
US-12621,925
US-12622,4738
US-12623,889
US-12624,269
US-12625,958
US-12626,1017
US-12627,466
US-12628,673
US-12630,2635
US-12631,2500
US-12632,4327
US-12633,4587
US-12634,8264
US-12635,5869
US-12636,7
US-12637,13
US-12638,335
US-12639,374
US-12640,597
US-12641,850
US-12642,840
US-12643,2454
US-12644,1030
US-12645,443
US-12646,1923
US-12647,1942
US-12648,3796
US-12649,2566
US-12650,4823
US-12651,5276
US-12652,2726
US-12653,4262
US-12654,3891
US-12655,5676
US-12656,3675
US-12657,4787
US-12658,4905
US-12659,640
US-12660,994
US-12661,522
US-12662,2864
US-12663,1119
US-12664,860
US-12665,492
US-12666,413
US-12667,650
US-12668,630
US-12669,607
US-12670,531
US-12671,574
US-12672,289
US-12673,348
US-12674,341
US-12675,305
US-12676,295
US-12677,6276
US-12678,0
US-12679,0
US-12680,1050
US-12681,328
US-12682,7730
US-12683,7730
US-12684,866
US-12685,925
US-12686,2559
US-12687,1033
US-12688,958
US-12689,978
US-12690,988
US-12691,984
US-12692,971
US-12693,971
US-12694,922
US-12695,2336
US-12696,2408
US-12697,4754
US-12698,5052
US-12699,3222
US-12700,2500
US-12701,4754
US-12702,3271
US-12703,971
US-12704,7654
US-12705,1083
US-12706,899
US-12707,6867
US-12708,0
US-12709,0
US-12710,0
US-12711,0
US-12712,5561
US-12713,1870
US-12714,1824
US-12715,397
US-12716,1837
US-12717,591
US-12718,5932
US-12719,5230
US-12720,4600
US-12721,5269
US-12722,6965
US-12723,5253
US-12724,7949
US-12725,6952
US-12726,6243
US-12727,7346
US-12728,7356
US-12729,8104
US-12730,7129
US-12731,6768
US-12732,6201
US-12733,4754
US-12734,7523
US-12735,1010
US-12736,1001
US-12737,6880
US-12738,1073
US-12739,2283
US-12740,748
US-12741,85
US-12742,643
US-12743,1391
US-12744,384
US-12745,157
US-12746,4501
US-12747,325
US-12749,0
US-12750,0
US-12751,0
US-12752,581
US-12753,253
US-12754,430
US-12755,3625
US-12756,8268
US-12757,8163
US-12758,8245
US-12759,7717
US-12760,466
US-12762,1263
US-12763,518
US-12764,479
US-12765,397
US-12766,459
US-12767,217
US-12768,220
US-12769,285
US-12770,13
US-12771,663
US-12772,367
US-12773,886
US-12774,1795
US-12775,407
US-12776,1020
US-12777,1109
US-12778,1227
US-12779,1043
US-12781,256
US-12782,1263
US-12783,1401
US-12784,1896
US-12785,6709
US-12786,902
US-12787,587
US-12788,633
US-12789,568
US-12790,817
US-12791,781
US-12792,604
US-12793,1568
US-12794,1457
US-12795,577
US-12796,807
US-12797,1309
US-12798,627
US-12799,1053
US-12800,758
US-12801,1772
US-12802,1201
US-12803,558
US-12804,4915
US-12805,1014
US-12806,1237
US-12807,1293
US-12808,1115
US-12809,1063
US-12810,1060
US-12811,1302
US-12812,636
US-12813,666
US-12815,1732
US-12816,4177
US-12817,4600
US-12818,3737
US-12819,3609
US-12820,2923
US-12821,4222
US-12822,3074
US-12823,2260
US-12824,4780
US-12825,3786
US-12826,4285
US-12827,5072
US-12828,1808
US-12829,1627
US-12830,1936
US-12831,1883
US-12832,2113
US-12833,33
US-12834,604
US-12835,233
US-12836,322
US-12837,646
US-12838,866
US-12839,210
US-12840,217
US-12841,125
US-12843,13
US-12844,-3
US-12845,814
US-12846,2051
US-12847,4800
US-12848,2064
US-12849,4180
US-12850,2776
US-12851,4682
US-12852,3199
US-12853,3825
US-12854,4406
US-12855,2149
US-12856,3599
US-12857,3451
US-12858,62
US-12859,1988
US-12860,5299
US-12861,4820
US-12862,3947
US-12863,3458
US-12864,4944
US-12865,4121
US-12866,2165
US-12867,2480
US-12868,5886
US-12869,2766
US-12870,272
US-12871,3140
US-12872,2802
US-12873,2726
US-12874,4961
US-12875,2828
US-12876,4114
US-12877,4331
US-12878,3953
US-12879,3832
US-12880,4738
US-12881,4285
US-12882,4072
US-12883,5269
US-12884,3806
US-12885,2014
US-12886,3550
US-12887,3737
US-12888,4757
US-12889,5230
US-12890,3012
US-12891,4728
US-12892,2720
US-12893,4777
US-12894,4829
US-12895,3422
US-12896,3957
US-12897,4744
US-12898,3583
US-12899,2657
US-12900,5272
US-12901,4488
US-12902,1165
US-12903,3645
US-12904,4006
US-12905,3894
US-12906,3373
US-12907,4364
US-12908,3409
US-12909,3855
US-12910,6152
US-12911,4042
US-12912,2329
US-12913,2549
US-12914,4469
US-12915,3865
US-12916,5180
US-12917,4656
US-12918,1919
US-12919,1864
US-12920,2844
US-12921,3442
US-12922,3438
US-12923,6388
US-12924,3747
US-12925,3560
US-12926,4856
US-12927,2431
US-12928,2946
US-12929,4140
US-12930,4892
US-12931,5161
US-12932,2920
US-12933,4793
US-12934,3776
US-12935,4154
US-12936,3471
US-12937,3845
US-12938,62
US-12939,66
US-12940,2943
US-12941,2444
US-12942,2349
US-12943,2434
US-12944,4124
US-12945,13
US-12946,2621
US-12947,2228
US-12948,1909
US-12949,4091
US-12950,318
US-12951,3248
US-12952,3271
US-12953,2198
US-12954,2900
US-12955,1991
US-12956,1952
US-12957,2861
US-12958,1457
US-12959,1161
US-12960,1204
US-12961,1522
US-12962,574
US-12963,180
US-12964,151
US-12965,436
US-12966,243
US-12967,728
US-12968,377
US-12969,525
US-12970,741
US-12971,1086
US-12972,837
US-12973,4094
US-12974,354
US-12975,620
US-12976,4245
US-12977,30
US-12978,1240
US-12979,26
US-12980,154
US-12981,794
US-12982,279
US-12983,308
US-12984,121
US-12985,203
US-12986,381
US-12987,4193
US-12988,203
US-12989,3701
US-12990,879
US-12991,2526
US-12992,141
US-12993,180
US-12994,118
US-12995,751
US-12996,16
US-12997,8222
US-12998,4423
US-12999,5233
US-13000,4206
US-13001,4101
US-13002,528
US-13003,627
US-13004,522
US-13005,577
US-13006,925
US-13007,1112
US-13008,1194
US-13009,4521
US-13010,4259
US-13011,187
US-13012,6148
US-13013,6201
US-13014,6109
US-13015,5266
US-13016,384
US-13017,4843
US-13018,5322
US-13019,3858
US-13020,6437
US-13022,4633
US-13023,4564
US-13024,5909
US-13025,5453
US-13026,6050
US-13027,9419
US-13028,4895
US-13029,4003
US-13030,7339
US-13031,5427
US-13032,4692
US-13033,5696
US-13034,4872
US-13035,3947
US-13036,6250
US-13037,4954
US-13038,5207
US-13039,5105
US-13040,3996
US-13041,6325
US-13042,5213
US-13043,6699
US-13044,7388
US-13045,6217
US-13046,5610
US-13047,4675
US-13048,6453
US-13049,5725
US-13050,6033
US-13051,6430
US-13052,6056
US-13053,6299
US-13054,6070
US-13055,6558
US-13056,5961
US-13057,39
US-13058,4672
US-13059,0
US-13060,102
US-13061,36
US-13062,3419
US-13064,5059
US-13065,3442
US-13066,4216
US-13067,2726
US-13068,3652
US-13069,3455
US-13070,2680
US-13071,4344
US-13072,3576
US-13073,3583
US-13074,1030
US-13075,1549
US-13076,3189
US-13077,1201
US-13078,121
US-13079,1260
US-13080,5190
US-13081,194
US-13082,627
US-13083,581
US-13084,7539
US-13085,0
US-13086,1191
US-13087,197
US-13088,102
US-13090,177
US-13091,302
US-13092,420
US-13093,1535
US-13094,4882
US-13095,2077
US-13096,36
US-13097,72
US-13098,75
US-13099,95
US-13100,663
US-13101,915
US-13102,932
US-13103,482
US-13104,636
US-13105,1998
US-13106,7910
US-13107,6867
US-13108,5784
US-13109,6680
US-13110,8927
US-13111,6086
US-13112,2917
US-13113,2897
US-13114,4193
US-13115,2388
US-13117,3
US-13118,3117
US-13119,4610
US-13120,5784
US-13121,5282
US-13122,4177
US-13123,4925
US-13124,4751
US-13125,6237
US-13126,6509
US-13127,5906
US-13128,4108
US-13129,4232
US-13130,4465
US-13131,6667
US-13132,6362
US-13133,5981
US-13134,6093
US-13135,4337
US-13136,5656
US-13137,7480
US-13138,4970
US-13139,2162
US-13140,6519
US-13141,6191
US-13142,5407
US-13144,5433
US-13145,6089
US-13146,10
US-13147,33
US-13148,171
US-13149,577
US-13150,269
US-13151,4813
US-13152,5230
US-13153,4478
US-13154,6841
US-13155,5325
US-13156,1115
US-13157,1165
US-13158,6112
US-13159,4626
US-13160,1480
US-13161,1322
US-13162,6480
US-13163,2825
US-13164,2339
US-13165,2523
US-13166,709
US-13167,784
US-13168,656
US-13169,1611
US-13170,663
US-13171,617
US-13172,600
US-13173,5331
US-13174,794
US-13175,4587
US-13176,581
US-13177,3547
US-13178,5436
US-13179,1040
US-13180,4150
US-13181,6499
US-13182,1037
US-13183,3957
US-13184,787
US-13185,5581
US-13186,5735
US-13187,4377
US-13188,7165
US-13189,5791
US-13190,5594
US-13191,6047
US-13192,4892
US-13193,4304
US-13194,6939
US-13195,5433
US-13196,6175
US-13197,5669
US-13198,62
US-13199,4534
US-13200,5807
US-13201,2533
US-13202,1880
US-13203,1214
US-13204,1499
US-13205,1539
US-13206,4633
US-13207,7772
US-13208,5056
US-13209,5699
US-13210,7224
US-13211,6854
US-13212,4016
US-13213,1663
US-13214,1854
US-13215,5476
US-13216,5702
US-13217,6516
US-13218,5722
US-13219,4731
US-13220,5135
US-13221,1142
US-13222,5246
US-13223,5213
US-13224,4898
US-13225,5778
US-13226,7280
US-13227,4754
US-13228,3632
US-13229,400
US-13230,4557
US-13231,856
US-13232,991
US-13233,3
US-13234,1280
US-13235,1499
US-13236,1001
US-13237,1401
US-13238,4902
US-13239,4341
US-13240,6027
US-13241,1240
US-13242,5879
US-13243,43
US-13244,4908
US-13245,6237
US-13246,728
US-13247,784
US-13248,5994
US-13249,6398
US-13250,4469
US-13251,6270
US-13252,6558
US-13253,699
US-13254,75
US-13255,7
US-13256,7
US-13257,112
US-13258,430
US-13259,6385
US-13260,5784
US-13261,5335
US-13262,3333
US-13263,4098
US-13264,5922
US-13265,4829
US-13266,7044
US-13267,4003
US-13268,3967
US-13269,6309
US-13270,66
US-13271,69
US-13272,2644
US-13273,807
US-13274,4633
US-13275,4324
US-13276,5023
US-13277,6253
US-13278,1837
US-13279,4373
US-13280,6637
US-13281,6732
US-13282,6683
US-13283,4695
US-13284,4688
US-13285,6102
US-13286,4117
US-13287,3999
US-13288,4580
US-13289,4285
US-13290,3980
US-13291,4419
US-13292,7749
US-13293,4846
US-13294,4186
US-13295,4964
US-13296,4081
US-13297,4997
US-13298,594
US-13299,1463
US-13300,1220
US-13301,1260
US-13302,5659
US-13303,4206
US-13304,5755
US-13305,4948
US-13306,4518
US-13307,8940
US-13308,2526
US-13310,646
US-13311,804
US-13312,289
US-13313,154
US-13314,282
US-13315,1168
US-13317,338
US-13318,427
US-13319,4787
US-13320,4462
US-13321,4849
US-13322,4541
US-13323,6207
US-13324,4432
US-13325,4554
US-13326,5020
US-13327,2490
US-13328,2497
US-13329,2644
US-13330,7851
US-13331,8655
US-13332,6634
US-13333,0
US-13334,351
US-13335,1699
US-13336,1286
US-13337,1791
US-13338,1109
US-13339,1985
US-13340,1339
US-13341,30
US-13342,331
US-13343,479
US-13344,367
US-13345,180
US-13346,230
US-13347,226
US-13348,23
US-13349,633
US-13350,814
US-13351,673
US-13352,571
US-13353,830
US-13354,945
US-13355,1440
US-13356,236
US-13357,39
US-13358,272
US-13359,344
US-13360,3
US-13361,217
US-13362,666
US-13363,4764
US-13364,712
US-13365,2310
US-13366,5194
US-13367,4314
US-13368,5072
US-13369,5108
US-13370,3563
US-13371,1929
US-13372,1099
US-13373,2005
US-13374,2382
US-13375,1729
US-13376,1037
US-13377,394
US-13378,2188
US-13379,2218
US-13380,2192
US-13381,774
US-13382,266
US-13383,276
US-13384,118
US-13385,407
US-13386,627
US-13387,512
US-13388,518
US-13389,640
US-13390,538
US-13391,75
US-13392,151
US-13393,16
US-13394,243
US-13395,328
US-13396,338
US-13397,187
US-13398,72
US-13399,115
US-13400,16
US-13401,0
US-13402,43
US-13403,49
US-13404,7
US-13405,4757
US-13406,4833
US-13407,4373
US-13408,6010
US-13409,7428
US-13410,4432
US-13411,4472
US-13412,4888
US-13413,4367
US-13414,4446
US-13415,3258
US-13416,121
US-13417,187
US-13418,138
US-13419,200
US-13420,194
US-13421,167
US-13422,148
US-13423,79
US-13424,272
US-13425,377
US-13426,157
US-13427,801
US-13428,384
US-13429,528
US-13430,417
US-13431,433
US-13432,456
US-13433,4193
US-13434,4590
US-13435,837
US-13436,915
US-13437,748
US-13438,499
US-13439,673
US-13440,443
US-13441,505
US-13442,453
US-13443,538
US-13444,761
US-13445,413
US-13446,410
US-13447,4429
US-13448,2667
US-13449,7215
US-13450,4012
US-13451,4764
US-13452,509
US-13453,2014
US-13454,4678
US-13455,69
US-13456,1834
US-13461,994
US-13462,0
US-13463,5863
US-13464,4797
US-13465,6083
US-13466,3832
US-13467,3878
US-13468,6178
US-13469,6296
US-13470,4206
US-13471,259
US-13472,830
US-13473,125
US-13474,1959
US-13475,8940
US-13476,4436
US-13477,5958
US-13478,4400
US-13479,5272
US-13480,6102
US-13481,7218
US-13482,6401
US-13483,732
US-13484,2438
US-13485,5105
US-13486,56
US-13487,617
US-13488,8950
US-13489,1299
US-13490,8386
US-13491,2799
US-13492,2785
US-13494,6322
US-13496,6667
US-13497,4596
US-13498,3734
US-13499,961
US-13500,9222
US-13501,817
US-13502,1096
US-13503,1063
US-13504,4321
US-13505,4304
US-13506,4314
US-13507,4265
US-13508,4134
US-13509,4760
US-13510,4203
US-13511,4019
US-13512,663
US-13513,2825
US-13514,538
US-13515,797
US-13516,318
US-13517,174
US-13518,1109
US-13519,6404
US-13520,4222
US-13521,4810
US-13522,4298
US-13523,6063
US-13524,5144
US-13525,1509
US-13526,5128
US-13528,1109
US-13529,167
US-13530,433
US-13531,728
US-13532,125
US-13533,427
US-13534,925
US-13535,784
US-13536,1394
US-13537,1998
US-13538,325
US-13539,574
US-13540,1063
US-13541,3245
US-13542,1119
